no,surah_id,ayah,location,mention,uri,label,original_ner_tags,sentence
1,2,19,2:19,langit,http://www.wikidata.org/entity/Q527,AstronomicalBody,O,"Atau, seperti (orang yang ditimpa) hujan lebat dari langit yang disertai berbagai kegelapan, petir, dan kilat. Mereka menyumbat telinga dengan jari-jarinya (untuk menghindari) suara petir itu karena takut mati. Allah meliputi orang-orang yang kafir."
2,2,22,2:22,langit,http://www.wikidata.org/entity/Q527,AstronomicalBody,O,"(Dialah) yang menjadikan bagimu bumi (sebagai) hamparan dan langit sebagai atap, dan Dialah yang menurunkan air (hujan) dari langit, lalu Dia menghasilkan dengan (hujan) itu buah-buahan sebagai rezeki untuk kamu. Oleh karena itu, janganlah kamu mengadakan tandingan-tandingan bagi Allah, padahal kamu mengetahui."
3,2,22,2:22,langit,http://www.wikidata.org/entity/Q527,AstronomicalBody,O,"(Dialah) yang menjadikan bagimu bumi (sebagai) hamparan dan langit sebagai atap, dan Dialah yang menurunkan air (hujan) dari langit, lalu Dia menghasilkan dengan (hujan) itu buah-buahan sebagai rezeki untuk kamu. Oleh karena itu, janganlah kamu mengadakan tandingan-tandingan bagi Allah, padahal kamu mengetahui."
4,2,33,2:33,langit,http://www.wikidata.org/entity/Q527,AstronomicalBody,O,"Dia (Allah) berfirman, “Wahai Adam, beri tahukanlah kepada mereka nama-nama benda itu!” Setelah dia (Adam) menyebutkan nama-nama itu, Dia berfirman, “Bukankah telah Kukatakan kepadamu bahwa Aku mengetahui rahasia langit dan bumi, dan Aku mengetahui apa yang kamu nyatakan dan apa yang selalu kamu sembunyikan?”"
5,2,59,2:59,langit,http://www.wikidata.org/entity/Q527,AstronomicalBody,O,"Lalu, orang-orang yang zalim mengganti perintah dengan (perintah lain) yang tidak diperintahkan kepada mereka. Maka, Kami menurunkan malapetaka dari langit kepada orang-orang yang zalim itu karena mereka selalu berbuat fasik."
6,2,61,2:61,putih,http://www.wikidata.org/entity/Q23444,Color,O,"(Ingatlah) ketika kamu berkata, “Wahai Musa, kami tidak tahan hanya (makan) dengan satu macam makanan. Maka, mohonkanlah kepada Tuhanmu untuk kami agar Dia memberi kami apa yang ditumbuhkan bumi, seperti sayur-mayur, mentimun, bawang putih, kacang adas, dan bawang merah.” Dia (Musa) menjawab, “Apakah kamu meminta sesuatu yang buruk sebagai ganti dari sesuatu yang baik? Pergilah ke suatu kota. Pasti kamu akan memperoleh apa yang kamu minta.” Kemudian, mereka ditimpa kenistaan dan kemiskinan, dan mereka (kembali) mendapat kemurkaan dari Allah. Hal itu (terjadi) karena sesungguhnya mereka selalu mengingkari ayat-ayat Allah dan membunuh para nabi tanpa hak (alasan yang benar). Yang demikian itu ditimpakan karena mereka durhaka dan selalu melampaui batas."
7,2,105,2:105,Ahlulkitab,http://www.wikidata.org/entity/Q216565,Person,O,"Orang-orang kafir dari golongan Ahlulkitab dan orang-orang musyrik tidak menginginkan diturunkannya kepadamu suatu kebaikan dari Tuhanmu. Akan tetapi, secara khusus Allah memberikan rahmat-Nya kepada orang yang Dia kehendaki. Allah pemilik karunia yang besar."
8,2,107,2:107,langit,http://www.wikidata.org/entity/Q527,AstronomicalBody,O,Apakah engkau tidak mengetahui bahwa Allah memiliki kerajaan langit dan bumi? (Ketahuilah bahwa) tidak ada bagimu pelindung dan penolong selain Allah.
9,2,109,2:109,Ahlulkitab,http://www.wikidata.org/entity/Q216565,Person,O,"Banyak di antara Ahlulkitab menginginkan agar mereka dapat mengembalikan kamu setelah kamu beriman menjadi kafir kembali karena rasa dengki dalam diri mereka setelah kebenaran jelas bagi mereka. Maka, maafkanlah (biarkanlah) dan berlapang dadalah (berpalinglah dari mereka) sehingga Allah memberikan perintah-Nya. Sesungguhnya Allah Maha Kuasa atas segala sesuatu."
10,2,116,2:116,langit,http://www.wikidata.org/entity/Q527,AstronomicalBody,O,"Mereka berkata, “Allah mengangkat anak.” Maha Suci Allah, bahkan milik-Nyalah apa yang di langit dan di bumi. Semua tunduk kepada-Nya."
11,2,117,2:117,langit,http://www.wikidata.org/entity/Q527,AstronomicalBody,O,"(Allah) pencipta langit dan bumi. Apabila Dia hendak menetapkan sesuatu, Dia hanya berkata kepadanya, “Jadilah!” Maka, jadilah sesuatu itu."
12,2,144,2:144,langit,http://www.wikidata.org/entity/Q527,AstronomicalBody,O,"Sungguh, Kami melihat wajahmu (Nabi Muhammad) sering menengadah ke langit. Maka, pasti akan Kami palingkan engkau ke kiblat yang engkau sukai. Lalu, hadapkanlah wajahmu ke arah Masjidilharam. Di mana pun kamu sekalian berada, hadapkanlah wajahmu ke arah itu. Sesungguhnya orang-orang yang diberi kitab benar-benar mengetahui bahwa (pemindahan kiblat ke Masjidilharam) itu adalah kebenaran dari Tuhan mereka. Allah tidak lengah terhadap apa yang mereka kerjakan."
13,2,187,2:187,putih,http://www.wikidata.org/entity/Q23444,Color,O,"Dihalalkan bagimu pada malam puasa bercampur dengan istrimu. Mereka adalah pakaian bagimu dan kamu adalah pakaian bagi mereka. Allah mengetahui bahwa kamu tidak dapat menahan dirimu sendiri, tetapi Dia menerima tobatmu dan memaafkanmu. Maka, sekarang campurilah mereka dan carilah apa yang telah ditetapkan Allah bagimu. Makan dan minumlah hingga jelas bagimu (perbedaan) antara benang putih dan benang hitam, yaitu fajar. Kemudian, sempurnakanlah puasa sampai (datang) malam. Akan tetapi, jangan campuri mereka ketika kamu (dalam keadaan) beriktikaf di masjid. Itulah batas-batas (ketentuan) Allah. Maka, janganlah kamu mendekatinya. Demikianlah Allah menerangkan ayat-ayat-Nya kepada manusia agar mereka bertakwa."
14,2,187,2:187,hitam,http://www.wikidata.org/entity/Q23445,Color,O,"Dihalalkan bagimu pada malam puasa bercampur dengan istrimu. Mereka adalah pakaian bagimu dan kamu adalah pakaian bagi mereka. Allah mengetahui bahwa kamu tidak dapat menahan dirimu sendiri, tetapi Dia menerima tobatmu dan memaafkanmu. Maka, sekarang campurilah mereka dan carilah apa yang telah ditetapkan Allah bagimu. Makan dan minumlah hingga jelas bagimu (perbedaan) antara benang putih dan benang hitam, yaitu fajar. Kemudian, sempurnakanlah puasa sampai (datang) malam. Akan tetapi, jangan campuri mereka ketika kamu (dalam keadaan) beriktikaf di masjid. Itulah batas-batas (ketentuan) Allah. Maka, janganlah kamu mendekatinya. Demikianlah Allah menerangkan ayat-ayat-Nya kepada manusia agar mereka bertakwa."
15,2,226,2:226,bulan,http://www.wikidata.org/entity/Q405,AstronomicalBody,O,"Orang yang meng-ila’ (bersumpah tidak mencampuri) istrinya diberi tenggang waktu empat bulan. Jika mereka kembali (mencampuri istrinya), sesungguhnya Allah Maha Pengampun lagi Maha Penyayang."
16,2,255,2:255,langit,http://www.wikidata.org/entity/Q527,AstronomicalBody,O,"Allah, tidak ada tuhan selain Dia, Yang Maha Hidup lagi terus-menerus mengurus (makhluk-Nya). Dia tidak dilanda oleh kantuk dan tidak (pula) oleh tidur. Milik-Nyalah apa yang ada di langit dan apa yang ada di bumi. Tidak ada yang dapat memberi syafaat di sisi-Nya tanpa izin-Nya. Dia mengetahui apa yang ada di hadapan mereka dan apa yang ada di belakang mereka. Mereka tidak mengetahui sesuatu apa pun dari ilmu-Nya, kecuali apa yang Dia kehendaki. Kursi-Nya (ilmu dan kekuasaan-Nya) meliputi langit dan bumi. Dia tidak merasa berat memelihara keduanya. Dialah yang Maha Tinggi lagi Maha Agung."
17,2,255,2:255,langit,http://www.wikidata.org/entity/Q527,AstronomicalBody,O,"Allah, tidak ada tuhan selain Dia, Yang Maha Hidup lagi terus-menerus mengurus (makhluk-Nya). Dia tidak dilanda oleh kantuk dan tidak (pula) oleh tidur. Milik-Nyalah apa yang ada di langit dan apa yang ada di bumi. Tidak ada yang dapat memberi syafaat di sisi-Nya tanpa izin-Nya. Dia mengetahui apa yang ada di hadapan mereka dan apa yang ada di belakang mereka. Mereka tidak mengetahui sesuatu apa pun dari ilmu-Nya, kecuali apa yang Dia kehendaki. Kursi-Nya (ilmu dan kekuasaan-Nya) meliputi langit dan bumi. Dia tidak merasa berat memelihara keduanya. Dialah yang Maha Tinggi lagi Maha Agung."
18,2,258,2:258,yang menghidupkan dan mematikan,http://www.wikidata.org/entity/Q2095353,Allah,O O O O,"Tidakkah kamu memperhatikan orang yang mendebat Ibrahim mengenai Tuhannya karena Allah telah menganugerahkan kepadanya (orang itu) kerajaan (kekuasaan), (yakni) ketika Ibrahim berkata, “Tuhankulah yang menghidupkan dan mematikan.” (Orang itu) berkata, “Aku (pun) dapat menghidupkan dan mematikan.” Ibrahim berkata, “Kalau begitu, sesungguhnya Allah menerbitkan matahari dari timur. Maka, terbitkanlah ia dari barat.” Akhirnya, bingunglah orang yang kufur itu. Allah tidak memberi petunjuk kepada kaum yang zalim."
19,2,284,2:284,langit,http://www.wikidata.org/entity/Q527,AstronomicalBody,O,"Milik Allahlah apa yang ada di langit dan apa yang ada di bumi. Jika kamu menyatakan apa yang ada di dalam hatimu atau kamu menyembunyikannya, niscaya Allah memperhitungkannya bagimu. Dia mengampuni siapa saja yang Dia kehendaki dan mengazab siapa pun yang Dia kehendaki. Allah Maha Kuasa atas segala sesuatu."
20,3,5,3:5,langit,http://www.wikidata.org/entity/Q527,AstronomicalBody,O,Sesungguhnya bagi Allah tidak ada sesuatu pun yang tersembunyi di bumi dan tidak pula di langit.
21,3,29,3:29,langit,http://www.wikidata.org/entity/Q527,AstronomicalBody,O,"Katakanlah (Nabi Muhammad), “Jika kamu menyembunyikan apa yang ada dalam hatimu atau kamu menampakkannya, Allah pasti mengetahuinya.” Dia mengetahui apa yang ada di langit dan apa yang ada di bumi. Allah Maha Kuasa atas segala sesuatu."
22,3,64,3:64,Ahlulkitab,http://www.wikidata.org/entity/Q216565,Person,O,"Katakanlah (Nabi Muhammad), “Wahai Ahlulkitab, marilah (kita) menuju pada satu kalimat (pegangan) yang sama antara kami dan kamu, (yakni) kita tidak menyembah selain Allah, kita tidak mempersekutukan-Nya dengan sesuatu apa pun, dan tidak (pula) sebagian kita menjadikan sebagian yang lain sebagai tuhan-tuhan selain Allah.” Jika mereka berpaling, katakanlah (kepada mereka), “Saksikanlah bahwa sesungguhnya kami adalah orang-orang muslim.”"
23,3,65,3:65,Ahlulkitab,http://www.wikidata.org/entity/Q216565,Person,O,"Wahai Ahlulkitab, mengapa kamu berbantah-bantahan tentang Ibrahim? Padahal, Taurat dan Injil tidak diturunkan, kecuali setelah dia (Ibrahim). Apakah kamu tidak mengerti?"
24,3,69,3:69,Ahlulkitab,http://www.wikidata.org/entity/Q216565,Person,O,"Segolongan Ahlulkitab ingin menyesatkan kamu. Padahal, mereka tidak menyesatkan (siapa pun), kecuali diri mereka sendiri. Akan tetapi, mereka tidak sadar."
25,3,72,3:72,Ahlulkitab,http://www.wikidata.org/entity/Q216565,Person,O,"Segolongan Ahlulkitab berkata (kepada sesamanya), “Berimanlah kamu pada apa yang diturunkan kepada orang-orang yang beriman pada awal siang dan ingkarlah pada akhir (siang) agar mereka kembali (pada kekufuran)."
26,3,75,3:75,Ahlulkitab,http://www.wikidata.org/entity/Q216565,Person,O,"Di antara Ahlulkitab ada orang yang jika engkau percayakan kepadanya harta yang banyak, niscaya dia mengembalikannya kepadamu. Akan tetapi, ada (pula) di antara mereka orang yang jika engkau percayakan kepadanya satu dinar, dia tidak mengembalikannya kepadamu, kecuali jika engkau selalu menagihnya. Yang demikian itu disebabkan mereka berkata, “Tidak ada dosa bagi kami terhadap orang-orang umi.” Mereka mengatakan hal yang dusta terhadap Allah, padahal mereka mengetahui."
27,3,83,3:83,langit,http://www.wikidata.org/entity/Q527,AstronomicalBody,O,"Mengapa mereka mencari agama selain agama Allah? Padahal, hanya kepada-Nya apa yang ada di langit dan di bumi berserah diri, baik dengan suka maupun terpaksa, dan hanya kepada-Nya mereka dikembalikan."
28,3,98,3:98,Ahlulkitab,http://www.wikidata.org/entity/Q216565,Person,O,"Katakanlah (Nabi Muhammad), “Wahai Ahlulkitab, mengapa kamu terus-menerus mengingkari ayat-ayat Allah, padahal Allah Maha Menyaksikan apa yang kamu kerjakan?”"
29,3,107,3:107,putih,http://www.wikidata.org/entity/Q23444,Color,O,"Adapun orang-orang yang berwajah putih berseri, mereka berada dalam rahmat Allah (surga). Mereka kekal di dalamnya."
30,3,109,3:109,langit,http://www.wikidata.org/entity/Q527,AstronomicalBody,O,Milik Allahlah apa yang ada di langit dan apa yang ada di bumi dan hanya kepada Allah segala urusan dikembalikan.
31,3,113,3:113,Ahlulkitab,http://www.wikidata.org/entity/Q216565,Person,O,Mereka tidak sama. Di antara Ahlulkitab ada golongan yang lurus. Mereka membaca ayat-ayat Allah pada malam hari dalam keadaan bersujud (salat).
32,3,124,3:124,langit,http://www.wikidata.org/entity/Q527,AstronomicalBody,O,"(Ingatlah) ketika engkau (Nabi Muhammad) mengatakan kepada orang-orang mukmin, “Apakah tidak cukup bagimu bahwa Tuhanmu membantumu dengan tiga ribu malaikat yang diturunkan (dari langit)?”"
33,3,129,3:129,langit,http://www.wikidata.org/entity/Q527,AstronomicalBody,O,Milik Allahlah segala yang ada di langit dan segala yang ada di bumi. Dia mengampuni siapa yang Dia kehendaki dan mengazab siapa yang Dia kehendaki. Allah Maha Pengampun lagi Maha Penyayang.
34,3,133,3:133,langit,http://www.wikidata.org/entity/Q527,AstronomicalBody,O,"Bersegeralah menuju ampunan dari Tuhanmu dan surga (yang) luasnya (seperti) langit dan bumi yang disediakan bagi orang-orang yang bertakwa,"
35,3,183,3:183,langit,http://www.wikidata.org/entity/Q527,AstronomicalBody,O,"(Mereka adalah) orang-orang (Yahudi) yang mengatakan, “Sesungguhnya Allah telah memerintahkan kepada kami agar kami tidak beriman kepada seorang rasul sebelum dia mendatangkan kepada kami kurban yang dimakan api (yang datang dari langit).” Katakanlah (Nabi Muhammad), “Sungguh, beberapa rasul sebelumku telah datang kepadamu dengan (membawa) bukti-bukti yang nyata dan membawa apa yang kamu sebutkan. Akan tetapi, mengapa kamu membunuh mereka jika kamu orang-orang yang benar?”"
36,3,189,3:189,langit,http://www.wikidata.org/entity/Q527,AstronomicalBody,O,Milik Allahlah kerajaan langit dan bumi. Allah Maha Kuasa atas segala sesuatu.
37,3,190,3:190,langit,http://www.wikidata.org/entity/Q527,AstronomicalBody,O,"Sesungguhnya dalam penciptaan langit dan bumi serta pergantian malam dan siang terdapat tanda-tanda (kebesaran Allah) bagi orang yang berakal,"
38,3,191,3:191,langit,http://www.wikidata.org/entity/Q527,AstronomicalBody,O,"(yaitu) orang-orang yang mengingat Allah sambil berdiri, duduk, atau dalam keadaan berbaring, dan memikirkan tentang penciptaan langit dan bumi (seraya berkata), “Ya Tuhan kami, tidaklah Engkau menciptakan semua ini sia-sia. Maha Suci Engkau. Lindungilah kami dari azab neraka."
39,4,25,4:25,Hawa,http://www.wikidata.org/entity/Q28956531,Person,O,"Siapa di antara kamu yang tidak mempunyai biaya untuk menikahi perempuan merdeka yang mukmin (boleh menikahi) perempuan mukmin dari para hamba sahaya yang kamu miliki. Allah lebih tahu tentang keimananmu. Sebagian kamu adalah sebagian dari yang lain (seketurunan dari Adam dan Hawa). Oleh karena itu, nikahilah mereka dengan izin keluarga (tuan) mereka dan berilah mereka maskawin dengan cara yang pantas, dalam keadaan mereka memelihara kesucian diri, bukan pezina dan bukan (pula) perempuan yang mengambil laki-laki lain sebagai piaraannya. Apabila mereka telah berumah tangga (bersuami), tetapi melakukan perbuatan keji (zina), (hukuman) atas mereka adalah setengah dari hukuman perempuan-perempuan merdeka (yang tidak bersuami). Hal itu (kebolehan menikahi hamba sahaya) berlaku bagi orang-orang yang takut terhadap kesulitan (dalam menghindari zina) di antara kamu. Kesabaranmu lebih baik bagi kamu. Allah Maha Pengampun lagi Maha Penyayang."
40,4,123,4:123,Ahlulkitab,http://www.wikidata.org/entity/Q216565,Person,O,(Pahala dari Allah) bukanlah (menurut) angan-anganmu dan bukan (pula menurut) angan-angan Ahlulkitab. Siapa yang mengerjakan kejahatan niscaya akan dibalas sesuai dengan (kejahatan itu) dan dia tidak akan menemukan untuknya pelindung serta penolong selain Allah.
41,4,131,4:131,langit,http://www.wikidata.org/entity/Q527,AstronomicalBody,O,"Hanya milik Allah apa yang ada di langit dan apa yang ada di bumi. Sungguh, Kami telah mewasiatkan kepada orang-orang yang diberi kitab suci sebelum kamu dan (juga) kepadamu (umat Islam) agar bertakwa kepada Allah. Akan tetapi, jika kamu kufur, maka sesungguhnya hanya milik Allah apa yang ada di langit dan apa yang ada di bumi. Allah Maha Kaya lagi Maha Terpuji."
42,4,131,4:131,langit,http://www.wikidata.org/entity/Q527,AstronomicalBody,O,"Hanya milik Allah apa yang ada di langit dan apa yang ada di bumi. Sungguh, Kami telah mewasiatkan kepada orang-orang yang diberi kitab suci sebelum kamu dan (juga) kepadamu (umat Islam) agar bertakwa kepada Allah. Akan tetapi, jika kamu kufur, maka sesungguhnya hanya milik Allah apa yang ada di langit dan apa yang ada di bumi. Allah Maha Kaya lagi Maha Terpuji."
43,4,153,4:153,Ahlulkitab,http://www.wikidata.org/entity/Q216565,Person,O,"Ahlulkitab meminta kepadamu (Nabi Muhammad) agar engkau menurunkan sebuah kitab dari langit kepada mereka. Sungguh, mereka telah meminta kepada Musa yang lebih besar daripada itu. Mereka berkata, “Perlihatkanlah Allah kepada kami secara nyata.” Maka, petir menyambar mereka karena kezalimannya. Kemudian, mereka menjadikan anak sapi (sebagai sembahan), (padahal) telah datang kepada mereka bukti-bukti (ketauhidan) yang nyata, lalu Kami memaafkan yang demikian itu. Kami telah menganugerahkan kepada Musa kekuasaan yang nyata."
44,4,153,4:153,langit,http://www.wikidata.org/entity/Q527,AstronomicalBody,O,"Ahlulkitab meminta kepadamu (Nabi Muhammad) agar engkau menurunkan sebuah kitab dari langit kepada mereka. Sungguh, mereka telah meminta kepada Musa yang lebih besar daripada itu. Mereka berkata, “Perlihatkanlah Allah kepada kami secara nyata.” Maka, petir menyambar mereka karena kezalimannya. Kemudian, mereka menjadikan anak sapi (sebagai sembahan), (padahal) telah datang kepada mereka bukti-bukti (ketauhidan) yang nyata, lalu Kami memaafkan yang demikian itu. Kami telah menganugerahkan kepada Musa kekuasaan yang nyata."
45,4,159,4:159,Ahlulkitab,http://www.wikidata.org/entity/Q216565,Person,O,"Tidak ada seorang pun di antara Ahlulkitab, kecuali beriman kepadanya (Isa) menjelang kematiannya. Pada hari Kiamat dia (Isa) akan menjadi saksi mereka."
46,4,170,4:170,langit,http://www.wikidata.org/entity/Q527,AstronomicalBody,O,"Wahai manusia, sungguh telah datang Rasul (Nabi Muhammad) kepadamu dengan (membawa) kebenaran dari Tuhanmu. Maka, berimanlah (kepadanya). Itu lebih baik bagimu. Jika kamu kufur, (itu tidak merugikan Allah sedikit pun) karena sesungguhnya milik Allahlah apa yang di langit dan di bumi. Allah Maha Mengetahui lagi Maha Bijaksana."
47,5,5,5:5,Ahlulkitab,http://www.wikidata.org/entity/Q216565,Person,O,"Pada hari ini dihalalkan bagimu segala (makanan) yang baik. Makanan (sembelihan) Ahlulkitab itu halal bagimu dan makananmu halal (juga) bagi mereka. (Dihalalkan bagimu menikahi) perempuan-perempuan yang menjaga kehormatan di antara perempuan-perempuan yang beriman dan perempuan-perempuan yang menjaga kehormatan di antara orang-orang yang diberi kitab suci sebelum kamu, apabila kamu membayar maskawin mereka untuk menikahinya, tidak dengan maksud berzina, dan tidak untuk menjadikan (mereka) pasangan gelap (gundik). Siapa yang kufur setelah beriman, maka sungguh sia-sia amalnya dan di akhirat dia termasuk orang-orang yang rugi."
48,5,17,5:17,langit,http://www.wikidata.org/entity/Q527,AstronomicalBody,O,"Sungguh, benar-benar telah kufur orang-orang yang berkata, “Sesungguhnya Allah itulah Almasih putra Maryam.” Katakanlah (Nabi Muhammad), “(Jika benar begitu,) siapakah yang dapat menghalang-halangi kehendak Allah jika Dia hendak membinasakan Almasih putra Maryam, ibunya, dan seluruh yang berada di bumi?” Milik Allahlah kerajaan langit, bumi, dan apa yang ada di antara keduanya. Dia menciptakan apa yang Dia kehendaki. Allah Maha Kuasa atas segala sesuatu."
49,5,18,5:18,langit,http://www.wikidata.org/entity/Q527,AstronomicalBody,O,"Orang Yahudi dan orang Nasrani berkata, “Kami adalah anak-anak Allah dan kekasih-kekasih-Nya.” Katakanlah, “(Jika benar begitu,) mengapa Allah menyiksa kamu karena dosa-dosamu? Sebaliknya, kamu adalah manusia (biasa) di antara orang-orang yang Dia ciptakan. Dia mengampuni siapa yang Dia kehendaki dan menyiksa siapa yang Dia kehendaki (pula). Milik Allahlah kerajaan langit, bumi, dan apa yang ada di antara keduanya, dan kepada-Nya semua akan kembali.”"
50,5,28,5:28,Tuhan semesta alam,http://www.wikidata.org/entity/Q2095353,Allah,O O O,"Sesungguhnya jika engkau (Qabil) menggerakkan tanganmu kepadaku untuk membunuhku, aku tidak akan menggerakkan tanganku kepadamu untuk membunuhmu. Sesungguhnya aku takut kepada Allah, Tuhan semesta alam."
51,5,40,5:40,langit,http://www.wikidata.org/entity/Q527,AstronomicalBody,O,Tidakkah engkau tahu bahwa sesungguhnya milik Allahlah kerajaan langit dan bumi? Dia menyiksa siapa yang Dia kehendaki dan mengampuni siapa yang Dia kehendaki. Allah Maha Kuasa atas segala sesuatu.
52,5,61,5:61,Ahlulkitab,http://www.wikidata.org/entity/Q216565,Person,O,"Apabila (Ahlulkitab yang munafik) datang kepadamu, mereka berkata, “Kami telah beriman,” padahal mereka datang dengan kekufuran dan mereka pergi (juga) dengannya (kekufuran). Allah lebih mengetahui apa yang selalu mereka sembunyikan."
53,5,62,5:62,Ahlulkitab,http://www.wikidata.org/entity/Q216565,Person,O,"Kamu akan melihat banyak di antara mereka (Ahlulkitab) berlomba-lomba dalam perbuatan dosa, permusuhan, dan memakan (makanan) yang haram. Sungguh, itulah seburuk-buruk apa yang selalu mereka kerjakan."
54,5,68,5:68,Ahlulkitab,http://www.wikidata.org/entity/Q216565,Person,O,"Katakanlah (Nabi Muhammad), “Wahai Ahlulkitab, kamu tidak menganut sesuatu pun (agama yang benar) hingga kamu menegakkan ajaran-ajaran Taurat, Injil, dan (Al-Qur’an) yang diturunkan Tuhanmu kepadamu.” Apa yang diturunkan Tuhanmu kepadamu pasti akan membuat banyak di antara mereka lebih durhaka dan ingkar. Maka, janganlah engkau bersedih terhadap kaum yang kafir itu."
55,5,77,5:77,Ahlulkitab,http://www.wikidata.org/entity/Q216565,Person,O,"Katakanlah (Nabi Muhammad), “Wahai Ahlulkitab, janganlah kamu berlebih-lebihan dalam (urusan) agamamu tanpa hak. Janganlah kamu mengikuti hawa nafsu kaum yang benar-benar tersesat sebelum kamu dan telah menyesatkan banyak (manusia) serta mereka sendiri pun tersesat dari jalan yang lurus.”"
56,5,97,5:97,langit,http://www.wikidata.org/entity/Q527,AstronomicalBody,O,"Allah telah menjadikan Ka‘bah, rumah suci itu sebagai pusat kegiatan (peribadatan dan urusan dunia) bagi manusia, dan (demikian pula) bulan haram, hadyu (hewan kurban) dan qalā’id (hewan kurban yang diberi kalung). Yang demikian itu agar kamu mengetahui bahwa sesungguhnya Allah mengetahui apa pun yang ada di langit dan apa pun yang ada di bumi dan bahwa Allah Maha Mengetahui segala sesuatu."
57,5,120,5:120,langit,http://www.wikidata.org/entity/Q527,AstronomicalBody,O,Hanya milik Allah kerajaan langit dan bumi serta apa pun yang ada di dalamnya. Dia Maha Kuasa atas segala sesuatu.
58,6,1,6:1,langit,http://www.wikidata.org/entity/Q527,AstronomicalBody,O,"Segala puji bagi Allah yang telah menciptakan langit dan bumi, dan menjadikan kegelapan-kegelapan dan cahaya. Sungguhpun demikian, orang-orang yang kufur mempersamakan tuhan mereka (dengan sesuatu yang lain)."
59,6,3,6:3,langit,http://www.wikidata.org/entity/Q527,AstronomicalBody,O,Dialah Allah (yang disembah) di langit dan di bumi. Dia mengetahui apa pun yang kamu rahasiakan dan kamu tampakkan serta mengetahui apa pun yang kamu usahakan.
60,6,12,6:12,langit,http://www.wikidata.org/entity/Q527,AstronomicalBody,O,"Katakanlah (Nabi Muhammad), “Milik siapakah apa yang di langit dan di bumi?” Katakanlah, “Milik Allah.” Dia telah menetapkan (sifat) kasih sayang pada diri-Nya. Sungguh, Dia pasti akan mengumpulkan kamu pada hari Kiamat yang tidak ada keraguan padanya. Orang-orang yang merugikan dirinya, mereka itu tidak beriman."
61,6,14,6:14,langit,http://www.wikidata.org/entity/Q527,AstronomicalBody,O,"Katakanlah (Nabi Muhammad), “Apakah selain Allah, Pencipta langit dan bumi serta Dia memberi makan dan tidak diberi makan, akan aku jadikan sebagai pelindung?” Katakanlah (Nabi Muhammad), “Sesungguhnya aku diperintahkan agar aku menjadi orang pertama yang berserah diri (kepada Allah), dan jangan sekali-kali kamu masuk golongan orang-orang musyrik.”"
62,6,35,6:35,langit,http://www.wikidata.org/entity/Q527,AstronomicalBody,O,"Jika keberpalingan mereka terasa berat bagimu (Nabi Muhammad), andaikan engkau dapat membuat lubang di bumi atau tangga ke langit lalu engkau dapat mendatangkan bukti (mukjizat) kepada mereka, (maka buatlah). Seandainya Allah menghendaki, tentu Dia akan menjadikan mereka semua mengikuti petunjuk. Oleh karena itu, janganlah sekali-kali engkau termasuk orang-orang yang bodoh."
63,6,71,6:71,Tuhan semesta alam,http://www.wikidata.org/entity/Q2095353,Allah,O O O,"Katakanlah (Nabi Muhammad), “Apakah kita akan memohon pada sesuatu selain Allah, yang tidak dapat memberi manfaat dan tidak (pula) mendatangkan mudarat kepada kita, dan (apakah) kita akan dikembalikan ke belakang (kufur dan sesat), setelah Allah memberi petunjuk kepada kita, seperti orang yang telah disesatkan oleh setan di bumi, dalam keadaan kebingungan,” sedangkan dia mempunyai kawan-kawan yang selalu mengajaknya ke jalan yang lurus (dengan mengatakan), ‘Ikutilah kami.’?” Katakanlah, “Sesungguhnya petunjuk Allah itulah petunjuk (yang sebenarnya). Kita diperintahkan agar berserah diri kepada Tuhan semesta alam,"
64,6,73,6:73,langit,http://www.wikidata.org/entity/Q527,AstronomicalBody,O,"Dialah yang menciptakan langit dan bumi dengan hak (benar). (Sungguh benar ketetapan-Nya) pada hari (ketika) Dia berkata, “Jadilah!” Maka, jadilah sesuatu itu. Firman-Nya adalah benar, dan milik-Nyalah segala kekuasaan pada waktu sangkakala ditiup. Dia mengetahui yang gaib dan yang nyata. Dialah Yang Maha Bijaksana lagi Maha Teliti."
65,6,75,6:75,langit,http://www.wikidata.org/entity/Q527,AstronomicalBody,O,Demikianlah Kami memperlihatkan kepada Ibrahim kekuasaan (Kami yang terdapat) di langit dan bumi dan agar dia termasuk orang-orang yang yakin.
66,6,99,6:99,langit,http://www.wikidata.org/entity/Q527,AstronomicalBody,O,"Dialah yang menurunkan air dari langit lalu dengannya Kami menumbuhkan segala macam tumbuhan. Maka, darinya Kami mengeluarkan tanaman yang menghijau. Darinya Kami mengeluarkan butir yang bertumpuk (banyak). Dari mayang kurma (mengurai) tangkai-tangkai yang menjuntai. (Kami menumbuhkan) kebun-kebun anggur. (Kami menumbuhkan pula) zaitun dan delima yang serupa dan yang tidak serupa. Perhatikanlah buahnya pada waktu berbuah dan menjadi masak. Sesungguhnya pada yang demikian itu benar-benar terdapat tanda-tanda (kekuasaan Allah) bagi kaum yang beriman."
67,6,101,6:101,langit,http://www.wikidata.org/entity/Q527,AstronomicalBody,O,"Dia (Allah) pencipta langit dan bumi. Bagaimana (mungkin) Dia mempunyai anak, padahal Dia tidak mempunyai istri? Dia menciptakan segala sesuatu dan Dia Maha Mengetahui segala sesuatu."
68,6,105,6:105,Ahlulkitab,http://www.wikidata.org/entity/Q216565,Person,O,"Demikianlah Kami menjelaskan berulang-ulang ayat-ayat Kami (agar orang-orang beriman mengambil pelajaran darinya) dan agar mereka (orang-orang musyrik) mengatakan, “Engkau telah mempelajari (ayat-ayat itu dari Ahlulkitab),” dan agar Kami menjelaskannya (Al-Qur’an) kepada kaum yang mengetahui."
69,6,125,6:125,langit,http://www.wikidata.org/entity/Q527,AstronomicalBody,O,"Maka, siapa yang Allah kehendaki mendapat hidayah, Dia akan melapangkan dadanya untuk menerima Islam. Siapa yang Dia kehendaki menjadi sesat, Dia akan menjadikan dadanya sempit lagi sesak seakan-akan dia sedang mendaki ke langit. Begitulah Allah menimpakan siksa kepada orang-orang yang tidak beriman."
70,7,54,7:54,langit,http://www.wikidata.org/entity/Q527,AstronomicalBody,O,"Sesungguhnya Tuhanmu adalah Allah yang telah menciptakan langit dan bumi dalam enam masa, kemudian Dia bersemayam di atas ʻArasy. Dia menutupkan malam pada siang yang mengikutinya dengan cepat. (Dia ciptakan) matahari, bulan, dan bintang-bintang tunduk pada perintah-Nya. Ingatlah! Hanya milik-Nyalah segala penciptaan dan urusan. Maha Berlimpah anugerah Allah, Tuhan semesta alam."
71,7,54,7:54,Tuhan semesta alam,http://www.wikidata.org/entity/Q2095353,Allah,O O O,"Sesungguhnya Tuhanmu adalah Allah yang telah menciptakan langit dan bumi dalam enam masa, kemudian Dia bersemayam di atas ʻArasy. Dia menutupkan malam pada siang yang mengikutinya dengan cepat. (Dia ciptakan) matahari, bulan, dan bintang-bintang tunduk pada perintah-Nya. Ingatlah! Hanya milik-Nyalah segala penciptaan dan urusan. Maha Berlimpah anugerah Allah, Tuhan semesta alam."
72,7,61,7:61,Tuhan semesta alam,http://www.wikidata.org/entity/Q2095353,Allah,O O O,"Dia (Nuh) menjawab, “Hai kaumku, tidak ada padaku kesesatan sedikit pun, tetapi aku adalah rasul dari Tuhan semesta alam."
73,7,73,7:73,Saleh,http://www.wikidata.org/entity/Q326189,Messenger,O,"Kami telah mengutus) kepada (kaum) Samud saudara mereka, Saleh. Dia berkata, “Wahai kaumku, sembahlah Allah, tidak ada bagi kamu tuhan selain Dia. Sungguh, telah datang kepada kamu bukti yang nyata dari Tuhanmu. Ini adalah unta betina Allah untuk kamu sebagai mukjizat. Maka, biarkanlah ia makan di bumi Allah dan janganlah kamu mengganggunya dengan keburukan apa pun sehingga kamu ditimpa siksa yang sangat pedih.”"
74,7,75,7:75,Saleh,http://www.wikidata.org/entity/Q326189,Messenger,O,"Pemuka-pemuka yang menyombongkan diri di antara kaumnya berkata kepada orang-orang yang dianggap lemah yang telah beriman di antara mereka, “Tahukah kamu bahwa Saleh diutus (menjadi rasul) oleh Tuhannya?” Mereka menjawab, “Sesungguhnya kami beriman kepada apa (wahyu) yang dibawanya.”"
75,7,77,7:77,Saleh,http://www.wikidata.org/entity/Q326189,Messenger,O,"Lalu, mereka memotong unta betina itu dan mereka melampaui batas terhadap perintah Tuhan mereka, dan mereka berkata, “Wahai Saleh, datangkanlah kepada kami apa (ancaman siksa) yang engkau janjikan kepada kami jika engkau termasuk orang-orang yang diutus (Allah).”"
76,7,79,7:79,Saleh,http://www.wikidata.org/entity/Q326189,Messenger,O,"Maka, dia (Saleh) meninggalkan mereka seraya berkata, “Wahai kaumku, sungguh aku telah menyampaikan kepadamu risalah (amanat) Tuhanku dan aku telah menasihatimu, tetapi kamu tidak menyukai para pemberi nasihat.”"
77,7,96,7:96,langit,http://www.wikidata.org/entity/Q527,AstronomicalBody,O,"Sekiranya penduduk negeri-negeri beriman dan bertakwa, niscaya Kami akan membukakan untuk mereka berbagai keberkahan dari langit dan bumi. Akan tetapi, mereka mendustakan (para rasul dan ayat-ayat Kami). Maka, Kami menyiksa mereka disebabkan oleh apa yang selalu mereka kerjakan."
78,7,104,7:104,Tuhan semesta alam,http://www.wikidata.org/entity/Q2095353,Allah,O O O,"Musa berkata, “Wahai Fir‘aun, sesungguhnya aku adalah seorang utusan dari Tuhan semesta alam."
79,7,121,7:121,Tuhan semesta alam,http://www.wikidata.org/entity/Q2095353,Allah,O O O,"Mereka berkata, “Kami beriman kepada Tuhan semesta alam,"
80,7,162,7:162,langit,http://www.wikidata.org/entity/Q527,AstronomicalBody,O,"Maka, orang-orang yang zalim di antara mereka mengganti (perkataan itu) dengan perkataan yang tidak diperintahkan kepada mereka. Lalu, Kami timpakan kepada mereka azab dari langit karena mereka selalu berbuat zalim."
81,7,185,7:185,langit,http://www.wikidata.org/entity/Q527,AstronomicalBody,O,"Apakah mereka tidak memperhatikan kerajaan langit dan bumi dan segala apa yang Allah ciptakan dan kemungkinan telah makin dekatnya waktu (kebinasaan) mereka? Lalu, berita mana lagi setelah ini yang akan mereka percayai?"
82,7,187,7:187,langit,http://www.wikidata.org/entity/Q527,AstronomicalBody,O,"Mereka menanyakan kepadamu (Nabi Muhammad) tentang kiamat, “Kapan terjadi?” Katakanlah, “Sesungguhnya pengetahuan tentangnya hanya ada pada Tuhanku. Tidak ada (seorang pun) yang dapat menjelaskan waktu terjadinya selain Dia. (Kiamat) itu sangat berat (huru-haranya bagi makhluk yang) di langit dan di bumi. Ia tidak akan datang kepadamu kecuali secara tiba-tiba.” Mereka bertanya kepadamu seakan-akan engkau mengetahuinya. Katakanlah (Nabi Muhammad), “Sesungguhnya pengetahuan tentangnya hanya ada pada Allah, tetapi kebanyakan manusia tidak mengetahui.”"
83,10,3,10:3,langit,http://www.wikidata.org/entity/Q527,AstronomicalBody,O,"Sesungguhnya Tuhanmu adalah Allah yang menciptakan langit dan bumi dalam enam masa, kemudian Dia bersemayam di atas ʻArasy (seraya) mengatur segala urusan. Tidak ada seorang pun pemberi syafaat, kecuali setelah (mendapat) izin-Nya. Itulah Allah, Tuhanmu. Maka, sembahlah Dia! Apakah kamu tidak mengambil pelajaran?"
84,10,10,10:10,Tuhan semesta alam,http://www.wikidata.org/entity/Q2095353,Allah,O O O,"Doa mereka di dalamnya adalah “Subhānakallāhumma” (‘Maha Suci Engkau, ya Tuhan kami’) penghormatan mereka di dalamnya adalah (ucapan) salam, dan doa penutup mereka adalah “Alḥamdu lillāhi rabbil ‘ālamīn” (‘segala puji bagi Allah, Tuhan semesta alam’)."
85,10,18,10:18,langit,http://www.wikidata.org/entity/Q527,AstronomicalBody,O,"Mereka menyembah selain Allah apa yang tidak dapat mendatangkan mudarat kepada mereka dan tidak (pula) memberi manfaat. Mereka berkata, “Mereka (sembahan) itu adalah penolong-penolong kami di hadapan Allah.” Katakanlah, “Apakah kamu akan memberitahukan kepada Allah sesuatu di langit dan di bumi yang tidak Dia ketahui?” Maha Suci dan Maha Tinggi Dia dari apa yang mereka persekutukan."
86,10,24,10:24,langit,http://www.wikidata.org/entity/Q527,AstronomicalBody,O,"Sesungguhnya perumpamaan kehidupan dunia adalah ibarat air yang Kami turunkan dari langit, lalu tumbuhlah karenanya macam-macam tanaman bumi yang (dapat) dimakan oleh manusia dan hewan ternak. Hingga apabila bumi itu telah sempurna keindahannya, terhias, dan pemiliknya mengira bahwa mereka pasti menguasainya (memetik hasilnya), datanglah kepadanya azab Kami pada waktu malam atau siang. Lalu, Kami jadikan (tanaman)-nya seperti tanaman yang sudah disabit, seakan-akan belum pernah tumbuh kemarin. Demikianlah Kami menjelaskan secara terperinci ayat-ayat itu kepada kaum yang berpikir."
87,10,26,10:26,hitam,http://www.wikidata.org/entity/Q23445,Color,O,Bagi orang-orang yang berbuat baik (ada pahala) yang terbaik (surga) dan tambahannya (kenikmatan melihat Allah). Wajah-wajah mereka tidak ditutupi debu hitam dan tidak (pula diliputi) kehinaan. Mereka itulah para penghuni surga. Mereka kekal di dalamnya.
88,10,31,10:31,langit,http://www.wikidata.org/entity/Q527,AstronomicalBody,O,"Katakanlah (Nabi Muhammad), “Siapakah yang menganugerahkan rezeki kepadamu dari langit dan bumi, siapakah yang kuasa (menciptakan) pendengaran dan penglihatan, siapakah yang mengeluarkan yang hidup dari yang mati dan mengeluarkan yang mati dari yang hidup, serta siapakah yang mengatur segala urusan?” Maka, mereka akan menjawab, “Allah.” Maka, katakanlah, “Apakah kamu tidak takut (akan azab Allah)?”"
89,10,37,10:37,Tuhan semesta alam,http://www.wikidata.org/entity/Q2095353,Allah,O O O,"Tidak mungkin Al-Qur’an ini dibuat-buat oleh selain Allah, tetapi (Al-Qur’an) membenarkan (kitab-kitab) yang sebelumnya dan menjelaskan secara terperinci ketetapan (Allah). Tidak ada keraguan di dalamnya, (diturunkan) dari Tuhan semesta alam."
90,10,55,10:55,langit,http://www.wikidata.org/entity/Q527,AstronomicalBody,O,"Ketahuilah, sesungguhnya milik Allahlah apa yang ada di langit dan di bumi. Ketahuilah, sesungguhnya janji Allah itu benar, tetapi kebanyakan mereka tidak mengetahui."
91,10,56,10:56,yang menghidupkan dan mematikan,http://www.wikidata.org/entity/Q2095353,Allah,O O O O,Dialah yang menghidupkan dan mematikan serta hanya kepada-Nyalah kamu akan dikembalikan.
92,10,61,10:61,langit,http://www.wikidata.org/entity/Q527,AstronomicalBody,O,"Engkau (Nabi Muhammad) tidak berada dalam suatu urusan, tidak membaca suatu ayat Al-Qur’an, dan tidak pula mengerjakan suatu pekerjaan, kecuali Kami menjadi saksi atasmu ketika kamu melakukannya. Tidak ada yang luput sedikit pun dari (pengetahuan) Tuhanmu, walaupun seberat zarah, baik di bumi maupun di langit. Tidak ada sesuatu yang lebih kecil dan yang lebih besar daripada itu, kecuali semua tercatat dalam kitab yang nyata (Lauhulmahfuz)."
93,10,66,10:66,langit,http://www.wikidata.org/entity/Q527,AstronomicalBody,O,Ketahuilah bahwa sesungguhnya milik Allahlah siapa yang ada di langit dan siapa yang ada di bumi. Orang-orang yang menyeru sekutu-sekutu selain Allah tidaklah mengikuti (suatu kebenaran). Mereka hanya mengikuti persangkaan belaka dan mereka hanyalah menduga-duga.
94,10,68,10:68,langit,http://www.wikidata.org/entity/Q527,AstronomicalBody,O,"Mereka (yang menyekutukan Allah) berkata, “Allah mengangkat anak.” Maha Suci Dia. Dialah Yang Maha Kaya. Milik-Nyalah apa yang ada di langit dan apa yang ada di bumi. Kamu tidak mempunyai alasan kuat tentang ini. Pantaskah kamu mengatakan tentang Allah apa yang tidak kamu ketahui?"
95,16,3,16:3,langit,http://www.wikidata.org/entity/Q527,AstronomicalBody,O,Dia menciptakan langit dan bumi dengan hak. Maha Tinggi Dia dari apa yang mereka persekutukan.
96,16,10,16:10,langit,http://www.wikidata.org/entity/Q527,AstronomicalBody,O,Dialah yang telah menurunkan air (hujan) dari langit untuk kamu. Sebagiannya menjadi minuman dan sebagiannya (menyuburkan) tumbuhan yang dengannya kamu menggembalakan ternakmu.
97,16,49,16:49,langit,http://www.wikidata.org/entity/Q527,AstronomicalBody,O,"Hanya kepada Allah bersujud segala apa yang ada di langit dan apa yang ada di bumi, yaitu semua makhluk yang bergerak (bernyawa). Para malaikat (juga bersujud) dan mereka tidak menyombongkan diri."
98,16,52,16:52,langit,http://www.wikidata.org/entity/Q527,AstronomicalBody,O,Hanya milik-Nya segala apa yang ada di langit dan di bumi serta hanya kepada-Nya ketaatan selama-lamanya. Mengapa kepada selain Allah kamu bertakwa?
99,16,58,16:58,hitam,http://www.wikidata.org/entity/Q23445,Color,O,"(Padahal,) apabila salah seorang dari mereka diberi kabar tentang (kelahiran) anak perempuan, wajahnya menjadi hitam (merah padam) dan dia sangat marah (sedih dan malu)."
100,16,65,16:65,langit,http://www.wikidata.org/entity/Q527,AstronomicalBody,O,Allah menurunkan air (hujan) dari langit dan dengannya (air itu) Allah menghidupkan bumi sesudah mati (kering)-nya. Sesungguhnya pada yang demikian itu benar-benar terdapat tanda (kebesaran Allah) bagi kaum yang mendengarkan (pelajaran dengan perhatian dan penghayatan).
101,16,77,16:77,langit,http://www.wikidata.org/entity/Q527,AstronomicalBody,O,Milik Allah (segala) yang tersembunyi di langit dan di bumi. Urusan kejadian Kiamat itu hanya seperti sekejap mata atau lebih cepat (lagi). Sesungguhnya Allah Maha Kuasa atas segala sesuatu.
