no,mention,uri,total_count,train_count,val_count,test_count,proposed_label,verified_label,status,sample_verse,sample_sentence
1,Allah,http://www.wikidata.org/entity/Q2095353,1315,1063,133,119,Allah,Allah,VERIFIED,Surah 2:7,"Allah telah mengunci hati dan pendengaran mereka. Pada penglihatan mereka ada penutup, dan bagi mereka azab yang sangat berat."
2,Muhammad,http://www.wikidata.org/entity/Q9458,218,186,14,18,Messenger,Messenger,VERIFIED,Surah 2:4,dan mereka yang beriman pada (Al-Qur’an) yang diturunkan kepadamu (Nabi Muhammad) dan (kitab-kitab suci) yang telah diturunkan sebelum engkau dan mereka yakin akan adanya akhirat.
3,bumi,http://www.wikidata.org/entity/Q2,125,101,13,11,AstronomicalBody,AstronomicalBody,VERIFIED,Surah 2:11,"Apabila dikatakan kepada mereka, “Janganlah berbuat kerusakan di bumi,” mereka menjawab, “Sesungguhnya kami hanyalah orang-orang yang melakukan perbaikan.”"
4,Al-Qur’an,http://www.wikidata.org/entity/Q428,87,73,5,9,HolyBook,HolyBook,VERIFIED,Surah 2:2,"Kitab (Al-Qur’an) ini tidak ada keraguan di dalamnya; (ia merupakan) petunjuk bagi orang-orang yang bertakwa,"
5,langit,http://www.wikidata.org/entity/Q527,78,61,10,7,AstronomicalBody,AstronomicalBody,VERIFIED,Surah 2:19,"Atau, seperti (orang yang ditimpa) hujan lebat dari langit yang disertai berbagai kegelapan, petir, dan kilat. Mereka menyumbat telinga dengan jari-jarinya (untuk menghindari) suara petir itu karena takut mati. Allah meliputi orang-orang yang kafir."
6,Musa,http://www.wikidata.org/entity/Q1990155,74,54,8,12,Messenger,Messenger,VERIFIED,Surah 2:51,"(Ingatlah) ketika Kami menjanjikan (petunjuk Taurat) kepada Musa (melalui munajat selama) empat puluh malam. Kemudian, kamu (Bani Israil) menjadikan (patung) anak sapi (sebagai sembahan) setelah (kepergian)-nya, dan kamu (menjadi) orang-orang zalim."
7,Taurat,http://www.wikidata.org/entity/Q2383104,39,34,2,3,HolyBook,HolyBook,VERIFIED,Surah 2:41,Berimanlah kamu kepada apa (Al-Qur’an) yang telah Aku turunkan sebagai pembenar bagi apa yang ada pada kamu (Taurat) dan janganlah kamu menjadi orang yang pertama kafir kepadanya. Janganlah kamu menukarkan ayat-ayat-Ku dengan harga murah dan bertakwalah hanya kepada-Ku.
8,hari Kiamat,http://www.wikidata.org/entity/Q12200906,36,31,3,2,Event,Event,VERIFIED,Surah 2:85,"Kemudian, kamu (Bani Israil) membunuh dirimu (sesamamu) dan mengusir segolongan darimu dari kampung halamannya. Kamu saling membantu (menghadapi) mereka dalam kejahatan dan permusuhan. Jika mereka datang kepadamu sebagai tawanan, kamu tebus mereka, padahal kamu dilarang mengusir mereka. Apakah kamu beriman pada sebagian Kitab (Taurat) dan ingkar pada sebagian (yang lain)? Maka, tidak ada balasan (yang pantas) bagi orang yang berbuat demikian di antaramu, selain kenistaan dalam kehidupan dunia dan pada hari Kiamat mereka dikembalikan pada azab yang paling berat. Allah tidak lengah terhadap apa yang kamu kerjakan."
9,Bani Israil,http://www.wikidata.org/entity/Q2605404,35,28,4,3,Person,Person,VERIFIED,Surah 2:47,"Wahai Bani Israil, ingatlah nikmat-Ku yang telah Aku anugerahkan kepadamu dan sesungguhnya Aku telah melebihkan kamu daripada semua umat di alam ini (pada masa itu)."
10,Ibrahim,http://www.wikidata.org/entity/Q1768161,33,28,2,3,Messenger,Messenger,VERIFIED,Surah 2:124,"(Ingatlah) ketika Ibrahim diuji Tuhannya dengan beberapa kalimat, lalu dia melaksanakannya dengan sempurna. Dia (Allah) berfirman, “Sesungguhnya Aku menjadikan engkau sebagai pemimpin bagi seluruh manusia.” Dia (Ibrahim) berkata, “(Aku mohon juga) dari sebagian keturunanku.” Allah berfirman, “(Doamu Aku kabulkan, tetapi) janji-Ku tidak berlaku bagi orang-orang zalim.”"
11,Ahlulkitab,http://www.wikidata.org/entity/Q216565,29,18,5,6,Person,Person,VERIFIED,Surah 2:105,"Orang-orang kafir dari golongan Ahlulkitab dan orang-orang musyrik tidak menginginkan diturunkannya kepadamu suatu kebaikan dari Tuhanmu. Akan tetapi, secara khusus Allah memberikan rahmat-Nya kepada orang yang Dia kehendaki. Allah pemilik karunia yang besar."
12,Fir‘aun,http://www.wikidata.org/entity/Q37110,28,23,2,3,Person,Person,VERIFIED,Surah 2:49,(Ingatlah) ketika Kami menyelamatkan kamu dari (Fir‘aun dan) pengikut-pengikut Fir‘aun. Mereka menimpakan siksaan yang sangat berat kepadamu. Mereka menyembelih anak-anak laki-lakimu dan membiarkan hidup anak-anak perempuanmu. Pada yang demikian terdapat cobaan yang sangat besar dari Tuhanmu.
13,bulan,http://www.wikidata.org/entity/Q405,22,18,2,2,AstronomicalBody,AstronomicalBody,VERIFIED,Surah 2:185,"Bulan Ramadan adalah (bulan) yang di dalamnya diturunkan Al-Qur’an sebagai petunjuk bagi manusia dan penjelasan-penjelasan mengenai petunjuk itu serta pembeda (antara yang hak dan yang batil). Oleh karena itu, siapa di antara kamu hadir (di tempat tinggalnya atau bukan musafir) pada bulan itu, berpuasalah. Siapa yang sakit atau dalam perjalanan (lalu tidak berpuasa), maka (wajib menggantinya) sebanyak hari (yang ditinggalkannya) pada hari-hari yang lain. Allah menghendaki kemudahan bagimu dan tidak menghendaki kesukaran. Hendaklah kamu mencukupkan bilangannya dan mengagungkan Allah atas petunjuk-Nya yang diberikan kepadamu agar kamu bersyukur."
14,Isa,http://www.wikidata.org/entity/Q51664,20,14,3,3,Messenger,Messenger,VERIFIED,Surah 2:87,"Sungguh, Kami benar-benar telah menganugerahkan Kitab (Taurat) kepada Musa dan Kami menyusulkan setelahnya rasul-rasul. Kami juga telah menganugerahkan kepada Isa, putra Maryam, bukti-bukti kebenaran, serta Kami perkuat dia dengan Ruhulkudus (Jibril). Mengapa setiap kali rasul datang kepadamu (membawa) sesuatu (pelajaran) yang tidak kamu inginkan, kamu menyombongkan diri? Lalu, sebagian(-nya) kamu dustakan dan sebagian (yang lain) kamu bunuh?"
15,Adam,http://www.wikidata.org/entity/Q2001710,16,12,3,1,Prophet,Prophet,VERIFIED,Surah 2:33,"Dia (Allah) berfirman, “Wahai Adam, beri tahukanlah kepada mereka nama-nama benda itu!” Setelah dia (Adam) menyebutkan nama-nama itu, Dia berfirman, “Bukankah telah Kukatakan kepadamu bahwa Aku mengetahui rahasia langit dan bumi, dan Aku mengetahui apa yang kamu nyatakan dan apa yang selalu kamu sembunyikan?”"
16,haji,http://www.wikidata.org/entity/Q234915,15,11,1,3,Event,Event,VERIFIED,Surah 2:189,"Mereka bertanya kepadamu (Nabi Muhammad) tentang bulan sabit. Katakanlah, “Itu adalah (penunjuk) waktu bagi manusia dan (ibadah) haji.” Bukanlah suatu kebajikan memasuki rumah dari belakangnya, tetapi kebajikan itu adalah (kebajikan) orang yang bertakwa. Masukilah rumah-rumah dari pintu-pintunya, dan bertakwalah kepada Allah agar kamu beruntung."
17,Jahanam,http://www.wikidata.org/entity/Q58418,15,10,4,1,AfterlifeLocation,AfterlifeLocation,VERIFIED,Surah 2:206,"Apabila dikatakan kepadanya, “Bertakwalah kepada Allah,” bangkitlah kesombongan yang menyebabkan dia berbuat dosa (lebih banyak lagi). Maka, cukuplah (balasan) baginya (neraka) Jahanam. Sungguh (neraka Jahanam) itu seburuk-buruk tempat tinggal."
18,hari Akhir,http://www.wikidata.org/entity/Q12200906,14,11,1,2,Event,Event,VERIFIED,Surah 2:62,"Sesungguhnya orang-orang yang beriman, orang-orang Yahudi, orang-orang Nasrani, dan orang-orang Sabiin, siapa saja (di antara mereka) yang beriman kepada Allah dan hari Akhir serta melakukan kebajikan (pasti) mendapat pahala dari Tuhannya, tidak ada rasa takut yang menimpa mereka dan mereka pun tidak bersedih hati."
19,Maryam,http://www.wikidata.org/entity/Q1478857,12,8,3,1,Person,Person,VERIFIED,Surah 2:87,"Sungguh, Kami benar-benar telah menganugerahkan Kitab (Taurat) kepada Musa dan Kami menyusulkan setelahnya rasul-rasul. Kami juga telah menganugerahkan kepada Isa, putra Maryam, bukti-bukti kebenaran, serta Kami perkuat dia dengan Ruhulkudus (Jibril). Mengapa setiap kali rasul datang kepadamu (membawa) sesuatu (pelajaran) yang tidak kamu inginkan, kamu menyombongkan diri? Lalu, sebagian(-nya) kamu dustakan dan sebagian (yang lain) kamu bunuh?"
20,Yahudi,http://www.wikidata.org/entity/Q7325,12,11,0,1,Religion,Religion,VERIFIED,Surah 2:111,"Mereka (Yahudi dan Nasrani) berkata, “Tidak akan masuk surga kecuali orang Yahudi atau Nasrani.” Itu (hanya) angan-angan mereka. Katakanlah (Nabi Muhammad), “Tunjukkan bukti kebenaranmu jika kamu orang-orang yang benar.”"
21,Nasrani,http://www.wikidata.org/entity/Q106039,12,9,2,1,Religion,Religion,VERIFIED,Surah 2:111,"Mereka (Yahudi dan Nasrani) berkata, “Tidak akan masuk surga kecuali orang Yahudi atau Nasrani.” Itu (hanya) angan-angan mereka. Katakanlah (Nabi Muhammad), “Tunjukkan bukti kebenaranmu jika kamu orang-orang yang benar.”"
22,Tuhan semesta alam,http://www.wikidata.org/entity/Q2095353,11,8,1,2,Allah,Allah,VERIFIED,Surah 5:28,"Sesungguhnya jika engkau (Qabil) menggerakkan tanganmu kepadaku untuk membunuhku, aku tidak akan menggerakkan tanganku kepadamu untuk membunuhmu. Sesungguhnya aku takut kepada Allah, Tuhan semesta alam."
23,Injil,http://www.wikidata.org/entity/Q1762323,10,9,0,1,HolyBook,HolyBook,VERIFIED,Surah 2:146,"Orang-orang yang telah Kami anugerahi Kitab (Taurat dan Injil) mengenalnya (Nabi Muhammad) seperti mereka mengenal anak-anak mereka sendiri. Sesungguhnya sekelompok dari mereka pasti menyembunyikan kebenaran, sedangkan mereka mengetahui(-nya)."
24,Harun,http://www.wikidata.org/entity/Q380714,10,6,2,2,Messenger,Messenger,VERIFIED,Surah 2:248,"Nabi mereka berkata kepada mereka, “Sesungguhnya tanda kerajaannya ialah datangnya Tabut kepadamu yang di dalamnya terdapat ketenangan dari Tuhanmu dan sisa dari apa yang ditinggalkan oleh keluarga Musa dan keluarga Harun yang dibawa oleh para malaikat. Sesungguhnya pada yang demikian itu benar-benar terdapat tanda (kebesaran Allah) bagimu jika kamu orang-orang mukmin."
25,Nuh,http://www.wikidata.org/entity/Q1782672,10,8,1,1,Messenger,Messenger,VERIFIED,Surah 3:33,"Sesungguhnya Allah telah memilih Adam, Nuh, keluarga Ibrahim, dan keluarga Imran atas seluruh alam (manusia pada zamannya masing-masing)."
26,orang-orang Yahudi,http://www.wikidata.org/entity/Q7325,9,7,1,1,Person,Person,VERIFIED,Surah 2:62,"Sesungguhnya orang-orang yang beriman, orang-orang Yahudi, orang-orang Nasrani, dan orang-orang Sabiin, siapa saja (di antara mereka) yang beriman kepada Allah dan hari Akhir serta melakukan kebajikan (pasti) mendapat pahala dari Tuhannya, tidak ada rasa takut yang menimpa mereka dan mereka pun tidak bersedih hati."
27,Islam,http://www.wikidata.org/entity/Q432,9,9,0,0,Religion,Religion,VERIFIED,Surah 2:208,"Wahai orang-orang yang beriman, masuklah ke dalam Islam (kedamaian) secara menyeluruh dan janganlah ikuti langkah-langkah setan! Sesungguhnya ia musuh yang nyata bagimu."
28,Isa putra Maryam,http://www.wikidata.org/entity/Q51664,9,6,2,1,Messenger,Messenger,VERIFIED,Surah 2:253,"Para rasul itu Kami lebihkan sebagian mereka atas sebagian (yang lain). Di antara mereka ada yang Allah berbicara (langsung) dengannya dan sebagian lagi Dia tinggikan beberapa derajat. Kami telah menganugerahkan kepada Isa putra Maryam bukti-bukti yang sangat jelas (mukjizat) dan Kami memperkuat dia dengan Ruhulkudus (Jibril). Seandainya Allah menghendaki, niscaya orang-orang setelah mereka tidak akan saling membunuh setelah bukti-bukti sampai kepada mereka. Akan tetapi, mereka berselisih sehingga ada di antara mereka yang beriman dan ada (pula) yang kufur. Andaikata Allah menghendaki, tidaklah mereka saling membunuh. Namun, Allah melakukan apa yang Dia kehendaki."
29,Jibril,http://www.wikidata.org/entity/Q3467762,8,8,0,0,Angel,Angel,VERIFIED,Surah 2:87,"Sungguh, Kami benar-benar telah menganugerahkan Kitab (Taurat) kepada Musa dan Kami menyusulkan setelahnya rasul-rasul. Kami juga telah menganugerahkan kepada Isa, putra Maryam, bukti-bukti kebenaran, serta Kami perkuat dia dengan Ruhulkudus (Jibril). Mengapa setiap kali rasul datang kepadamu (membawa) sesuatu (pelajaran) yang tidak kamu inginkan, kamu menyombongkan diri? Lalu, sebagian(-nya) kamu dustakan dan sebagian (yang lain) kamu bunuh?"
30,Ismail,http://www.wikidata.org/entity/Q470988,8,8,0,0,Messenger,Messenger,VERIFIED,Surah 2:125,"(Ingatlah) ketika Kami menjadikan rumah itu (Ka‘bah) tempat berkumpul dan tempat yang aman bagi manusia. (Ingatlah ketika Aku katakan,) “Jadikanlah sebagian Maqam Ibrahim sebagai tempat salat.” (Ingatlah ketika) Kami wasiatkan kepada Ibrahim dan Ismail, “Bersihkanlah rumah-Ku untuk orang-orang yang tawaf, yang iktikaf, serta yang rukuk dan sujud (salat)!”"
31,Ya‘qub,http://www.wikidata.org/entity/Q2513598,8,6,1,1,Messenger,Messenger,VERIFIED,Surah 2:133,"Apakah kamu (hadir) menjadi saksi menjelang kematian Ya‘qub ketika dia berkata kepada anak-anaknya, “Apa yang kamu sembah sepeninggalku?” Mereka menjawab, “Kami akan menyembah Tuhanmu dan Tuhan nenek moyangmu: Ibrahim, Ismail, dan Ishaq, (yaitu) Tuhan Yang Maha Esa dan (hanya) kepada-Nya kami berserah diri.”"
32,Masjidilharam,http://www.wikidata.org/entity/Q428858,8,7,1,0,GeographicalLocation,GeographicalLocation,VERIFIED,Surah 2:144,"Sungguh, Kami melihat wajahmu (Nabi Muhammad) sering menengadah ke langit. Maka, pasti akan Kami palingkan engkau ke kiblat yang engkau sukai. Lalu, hadapkanlah wajahmu ke arah Masjidilharam. Di mana pun kamu sekalian berada, hadapkanlah wajahmu ke arah itu. Sesungguhnya orang-orang yang diberi kitab benar-benar mengetahui bahwa (pemindahan kiblat ke Masjidilharam) itu adalah kebenaran dari Tuhan mereka. Allah tidak lengah terhadap apa yang mereka kerjakan."
33,Baitulmaqdis,http://www.wikidata.org/entity/Q1218,7,5,0,2,GeographicalLocation,GeographicalLocation,VERIFIED,Surah 2:58,"(Ingatlah) ketika Kami berfirman, “Masuklah ke negeri ini (Baitulmaqdis). Lalu, makanlah dengan nikmat (berbagai makanan) yang ada di sana sesukamu. Masukilah pintu gerbangnya sambil membungkuk dan katakanlah, ‘Bebaskanlah kami (dari dosa-dosa kami),’ niscaya Kami mengampuni kesalahan-kesalahanmu. Kami akan menambah (karunia) kepada orang-orang yang berbuat kebaikan.”"
34,Tuhan Yang Maha Esa,http://www.wikidata.org/entity/Q2095353,7,5,0,2,Allah,Allah,VERIFIED,Surah 2:133,"Apakah kamu (hadir) menjadi saksi menjelang kematian Ya‘qub ketika dia berkata kepada anak-anaknya, “Apa yang kamu sembah sepeninggalku?” Mereka menjawab, “Kami akan menyembah Tuhanmu dan Tuhan nenek moyangmu: Ibrahim, Ismail, dan Ishaq, (yaitu) Tuhan Yang Maha Esa dan (hanya) kepada-Nya kami berserah diri.”"
35,matahari,http://www.wikidata.org/entity/Q525,7,7,0,0,AstronomicalBody,AstronomicalBody,VERIFIED,Surah 2:258,"Tidakkah kamu memperhatikan orang yang mendebat Ibrahim mengenai Tuhannya karena Allah telah menganugerahkan kepadanya (orang itu) kerajaan (kekuasaan), (yakni) ketika Ibrahim berkata, “Tuhankulah yang menghidupkan dan mematikan.” (Orang itu) berkata, “Aku (pun) dapat menghidupkan dan mematikan.” Ibrahim berkata, “Kalau begitu, sesungguhnya Allah menerbitkan matahari dari timur. Maka, terbitkanlah ia dari barat.” Akhirnya, bingunglah orang yang kufur itu. Allah tidak memberi petunjuk kepada kaum yang zalim."
36,Syuʻaib,http://www.wikidata.org/entity/Q982867,7,7,0,0,Messenger,Messenger,VERIFIED,Surah 7:85,"Kepada penduduk Madyan, Kami (utus) saudara mereka, Syuʻaib. Dia berkata, “Wahai kaumku, sembahlah Allah. Tidak ada bagimu tuhan (yang disembah) selain Dia. Sungguh, telah datang kepadamu bukti yang nyata dari Tuhanmu. Maka, sempurnakanlah takaran dan timbangan, dan janganlah merugikan (hak-hak) orang lain sedikit pun. Jangan (pula) berbuat kerusakan di bumi setelah perbaikannya. Itulah lebih baik bagimu, jika kamu beriman.”"
37,agama Ibrahim,http://www.wikidata.org/entity/Q432,6,6,0,0,Religion,Religion,VERIFIED,Surah 2:130,Siapa yang membenci agama Ibrahim selain orang yang memperbodoh dirinya sendiri? Kami benar-benar telah memilihnya (Ibrahim) di dunia ini dan sesungguhnya di akhirat dia termasuk orang-orang saleh.
38,Ishaq,http://www.wikidata.org/entity/Q1642480,6,5,1,0,Messenger,Messenger,VERIFIED,Surah 2:133,"Apakah kamu (hadir) menjadi saksi menjelang kematian Ya‘qub ketika dia berkata kepada anak-anaknya, “Apa yang kamu sembah sepeninggalku?” Mereka menjawab, “Kami akan menyembah Tuhanmu dan Tuhan nenek moyangmu: Ibrahim, Ismail, dan Ishaq, (yaitu) Tuhan Yang Maha Esa dan (hanya) kepada-Nya kami berserah diri.”"
39,Zakaria,http://www.wikidata.org/entity/Q2420409,6,4,2,0,Prophet,Prophet,VERIFIED,Surah 3:38,"Di sanalah Zakaria berdoa kepada Tuhannya. Dia berkata, “Wahai Tuhanku, karuniakanlah kepadaku keturunan yang baik dari sisi-Mu. Sesungguhnya Engkau Maha Mendengar doa.”"
40,Qabil,http://www.wikidata.org/entity/Q40326813,6,4,2,0,Person,Person,VERIFIED,Surah 5:28,"Sesungguhnya jika engkau (Qabil) menggerakkan tanganmu kepadaku untuk membunuhku, aku tidak akan menggerakkan tanganku kepadamu untuk membunuhmu. Sesungguhnya aku takut kepada Allah, Tuhan semesta alam."
41,putih,http://www.wikidata.org/entity/Q23444,5,3,2,0,Color,Color,VERIFIED,Surah 2:61,"(Ingatlah) ketika kamu berkata, “Wahai Musa, kami tidak tahan hanya (makan) dengan satu macam makanan. Maka, mohonkanlah kepada Tuhanmu untuk kami agar Dia memberi kami apa yang ditumbuhkan bumi, seperti sayur-mayur, mentimun, bawang putih, kacang adas, dan bawang merah.” Dia (Musa) menjawab, “Apakah kamu meminta sesuatu yang buruk sebagai ganti dari sesuatu yang baik? Pergilah ke suatu kota. Pasti kamu akan memperoleh apa yang kamu minta.” Kemudian, mereka ditimpa kenistaan dan kemiskinan, dan mereka (kembali) mendapat kemurkaan dari Allah. Hal itu (terjadi) karena sesungguhnya mereka selalu mengingkari ayat-ayat Allah dan membunuh para nabi tanpa hak (alasan yang benar). Yang demikian itu ditimpakan karena mereka durhaka dan selalu melampaui batas."
42,Baitullah,http://www.wikidata.org/entity/Q29466,5,4,0,1,Artifact,Artifact,VERIFIED,Surah 2:127,"(Ingatlah) ketika Ibrahim meninggikan fondasi Baitullah bersama Ismail (seraya berdoa), “Ya Tuhan kami, terimalah (amal) dari kami. Sesungguhnya Engkaulah Yang Maha Mendengar lagi Maha Mengetahui."
43,hitam,http://www.wikidata.org/entity/Q23445,5,3,2,0,Color,Color,VERIFIED,Surah 2:187,"Dihalalkan bagimu pada malam puasa bercampur dengan istrimu. Mereka adalah pakaian bagimu dan kamu adalah pakaian bagi mereka. Allah mengetahui bahwa kamu tidak dapat menahan dirimu sendiri, tetapi Dia menerima tobatmu dan memaafkanmu. Maka, sekarang campurilah mereka dan carilah apa yang telah ditetapkan Allah bagimu. Makan dan minumlah hingga jelas bagimu (perbedaan) antara benang putih dan benang hitam, yaitu fajar. Kemudian, sempurnakanlah puasa sampai (datang) malam. Akan tetapi, jangan campuri mereka ketika kamu (dalam keadaan) beriktikaf di masjid. Itulah batas-batas (ketentuan) Allah. Maka, janganlah kamu mendekatinya. Demikianlah Allah menerangkan ayat-ayat-Nya kepada manusia agar mereka bertakwa."
44,Daud,http://www.wikidata.org/entity/Q1257863,5,4,1,0,Messenger,Messenger,VERIFIED,Surah 2:251,"Mereka (tentara Talut) mengalahkan tentara Jalut dengan izin Allah dan Daud membunuh Jalut. Kemudian, Allah menganugerahinya (Daud) kerajaan dan hikmah (kenabian); Dia (juga) mengajarinya apa yang Dia kehendaki. Seandainya Allah tidak menolak (keganasan) sebagian manusia dengan sebagian yang lain, niscaya rusaklah bumi ini. Akan tetapi, Allah mempunyai karunia (yang dilimpahkan-Nya) atas seluruh alam."
45,Kiamat,http://www.wikidata.org/entity/Q12200906,5,5,0,0,Event,Event,VERIFIED,Surah 2:254,"Wahai orang-orang yang beriman, infakkanlah sebagian dari rezeki yang telah Kami anugerahkan kepadamu sebelum datang hari (Kiamat) yang tidak ada (lagi) jual beli padanya (hari itu), tidak ada juga persahabatan yang akrab, dan tidak ada pula syafaat. Orang-orang kafir itulah orang-orang zalim."
46,Yang Maha Perkasa lagi Maha Bijaksana,http://www.wikidata.org/entity/Q2095353,5,4,1,0,Allah,Allah,VERIFIED,Surah 3:6,"Dialah (Allah) yang membentuk kamu dalam rahim sebagaimana yang Dia kehendaki. Tidak ada tuhan selain Dia, Yang Maha Perkasa lagi Maha Bijaksana."
47,Makkah,http://www.wikidata.org/entity/Q5806,5,5,0,0,GeographicalLocation,GeographicalLocation,VERIFIED,Surah 3:96,Sesungguhnya rumah (ibadah) pertama yang dibangun untuk manusia adalah (Baitullah) yang (berada) di Bakkah (Makkah) yang diberkahi dan menjadi petunjuk bagi seluruh alam.
48,anak cucu Adam,http://www.wikidata.org/entity/Q5,5,4,0,1,Person,Person,VERIFIED,Surah 7:26,"Wahai anak cucu Adam, sungguh Kami telah menurunkan kepadamu pakaian untuk menutupi auratmu dan bulu (sebagai bahan pakaian untuk menghias diri). (Akan tetapi,) pakaian takwa itulah yang paling baik. Yang demikian itu merupakan sebagian tanda-tanda (kekuasaan) Allah agar mereka selalu ingat."
49,Hud,http://www.wikidata.org/entity/Q193669,5,3,1,1,Messenger,Messenger,VERIFIED,Surah 7:65,"(Kami telah mengutus) kepada (kaum) ‘Ad saudara mereka, Hud. Dia berkata, “Wahai kaumku, sembahlah Allah, tidak ada tuhan bagimu selain Dia. Tidakkah kamu bertakwa?”"
50,kiamat,http://www.wikidata.org/entity/Q12200906,4,4,0,0,Event,Event,VERIFIED,Surah 2:48,"Takutlah kamu pada suatu hari (kiamat) yang seseorang tidak dapat membela orang lain sedikit pun, syafaat dan tebusan apa pun darinya tidak diterima, dan mereka tidak akan ditolong."
51,hari Sabat,http://www.wikidata.org/entity/Q102477,4,4,0,0,Event,Event,VERIFIED,Surah 2:65,"Sungguh, kamu benar-benar telah mengetahui orang-orang yang melakukan pelanggaran di antara kamu pada hari Sabat, lalu Kami katakan kepada mereka, “Jadilah kamu kera yang hina!”"
52,Ruhulkudus,http://www.wikidata.org/entity/Q3467762,4,4,0,0,Angel,Angel,VERIFIED,Surah 2:87,"Sungguh, Kami benar-benar telah menganugerahkan Kitab (Taurat) kepada Musa dan Kami menyusulkan setelahnya rasul-rasul. Kami juga telah menganugerahkan kepada Isa, putra Maryam, bukti-bukti kebenaran, serta Kami perkuat dia dengan Ruhulkudus (Jibril). Mengapa setiap kali rasul datang kepadamu (membawa) sesuatu (pelajaran) yang tidak kamu inginkan, kamu menyombongkan diri? Lalu, sebagian(-nya) kamu dustakan dan sebagian (yang lain) kamu bunuh?"
53,orang Yahudi,http://www.wikidata.org/entity/Q7325,4,3,1,0,Person,Person,VERIFIED,Surah 2:111,"Mereka (Yahudi dan Nasrani) berkata, “Tidak akan masuk surga kecuali orang Yahudi atau Nasrani.” Itu (hanya) angan-angan mereka. Katakanlah (Nabi Muhammad), “Tunjukkan bukti kebenaranmu jika kamu orang-orang yang benar.”"
54,umrah,http://www.wikidata.org/entity/Q640480,4,4,0,0,Event,Event,VERIFIED,Surah 2:196,"Sempurnakanlah ibadah haji dan umrah karena Allah. Akan tetapi, jika kamu terkepung (oleh musuh), (sembelihlah) hadyu yang mudah didapat dan jangan mencukur (rambut) kepalamu sebelum hadyu sampai di tempat penyembelihannya. Jika ada di antara kamu yang sakit atau ada gangguan di kepala (lalu dia bercukur), dia wajib berfidyah, yaitu berpuasa, bersedekah, atau berkurban. Apabila kamu dalam keadaan aman, siapa yang mengerjakan umrah sebelum haji (tamatu’), dia (wajib menyembelih) hadyu yang mudah didapat. Akan tetapi, jika tidak mendapatkannya, dia (wajib) berpuasa tiga hari dalam (masa) haji dan tujuh (hari) setelah kamu kembali. Itulah sepuluh hari yang sempurna. Ketentuan itu berlaku bagi orang yang keluarganya tidak menetap di sekitar Masjidilharam. Bertakwalah kepada Allah dan ketahuilah bahwa Allah Maha Keras hukuman-Nya."
55,Talut,http://www.wikidata.org/entity/Q4119704,4,2,2,0,Person,Person,VERIFIED,Surah 2:247,"Nabi mereka berkata kepada mereka, “Sesungguhnya Allah telah mengangkat Talut menjadi rajamu.” Mereka menjawab, “Bagaimana (mungkin) dia memperoleh kerajaan (kekuasaan) atas kami, sedangkan kami lebih berhak atas kerajaan itu daripadanya dan dia tidak diberi kekayaan yang banyak?” (Nabi mereka) menjawab, “Sesungguhnya Allah telah memilihnya (menjadi raja) kamu dan memberikan kepadanya kelebihan ilmu dan fisik.” Allah menganugerahkan kerajaan-Nya kepada siapa yang Dia kehendaki. Allah Maha Luas (kekuasaan dan rezeki-Nya) lagi Maha Mengetahui."
56,Jalut,http://www.wikidata.org/entity/Q3160748,4,2,2,0,Person,Person,VERIFIED,Surah 2:251,"Mereka (tentara Talut) mengalahkan tentara Jalut dengan izin Allah dan Daud membunuh Jalut. Kemudian, Allah menganugerahinya (Daud) kerajaan dan hikmah (kenabian); Dia (juga) mengajarinya apa yang Dia kehendaki. Seandainya Allah tidak menolak (keganasan) sebagian manusia dengan sebagian yang lain, niscaya rusaklah bumi ini. Akan tetapi, Allah mempunyai karunia (yang dilimpahkan-Nya) atas seluruh alam."
57,Almasih,http://www.wikidata.org/entity/Q51664,4,3,0,1,Person,Person,VERIFIED,Surah 4:157,"(Kami menghukum pula mereka) karena ucapan mereka, “Sesungguhnya kami telah membunuh Almasih, Isa putra Maryam, Rasul Allah,” padahal mereka tidak membunuhnya dan tidak (pula) menyalibnya, tetapi (yang mereka bunuh adalah) orang yang menurut mereka menyerupai (Isa). Sesungguhnya mereka yang berselisih pendapat tentangnya (pembunuhan Isa), selalu dalam keragu-raguan terhadapnya. Mereka benar-benar tidak mengetahui (siapa sebenarnya yang dibunuh itu), kecuali mengikuti persangkaan belaka. (Jadi,) mereka tidak yakin telah membunuhnya."
58,Sulaiman,http://www.wikidata.org/entity/Q1768167,4,1,3,0,Messenger,Messenger,VERIFIED,Surah 4:163,"Sesungguhnya Kami telah mewahyukan kepadamu (Nabi Muhammad) sebagaimana Kami telah mewahyukan kepada Nuh dan nabi-nabi setelahnya. Kami telah mewahyukan pula kepada Ibrahim, Ismail, Ishaq, Ya‘qub dan keturunan(-nya), Isa, Ayyub, Yunus, Harun, dan Sulaiman. Kami telah memberikan (Kitab) Zabur kepada Daud."
59,Almasih putra Maryam,http://www.wikidata.org/entity/Q51664,4,3,1,0,Person,Person,VERIFIED,Surah 5:17,"Sungguh, benar-benar telah kufur orang-orang yang berkata, “Sesungguhnya Allah itulah Almasih putra Maryam.” Katakanlah (Nabi Muhammad), “(Jika benar begitu,) siapakah yang dapat menghalang-halangi kehendak Allah jika Dia hendak membinasakan Almasih putra Maryam, ibunya, dan seluruh yang berada di bumi?” Milik Allahlah kerajaan langit, bumi, dan apa yang ada di antara keduanya. Dia menciptakan apa yang Dia kehendaki. Allah Maha Kuasa atas segala sesuatu."
60,Saleh,http://www.wikidata.org/entity/Q326189,4,4,0,0,Messenger,Messenger,VERIFIED,Surah 7:73,"Kami telah mengutus) kepada (kaum) Samud saudara mereka, Saleh. Dia berkata, “Wahai kaumku, sembahlah Allah, tidak ada bagi kamu tuhan selain Dia. Sungguh, telah datang kepada kamu bukti yang nyata dari Tuhanmu. Ini adalah unta betina Allah untuk kamu sebagai mukjizat. Maka, biarkanlah ia makan di bumi Allah dan janganlah kamu mengganggunya dengan keburukan apa pun sehingga kamu ditimpa siksa yang sangat pedih.”"
61,Yang Maha Penerima Tobat lagi Maha Penyayang,http://www.wikidata.org/entity/Q2095353,3,2,0,1,Allah,Allah,VERIFIED,Surah 2:54,"(Ingatlah) ketika Musa berkata kepada kaumnya, “Wahai kaumku, sesungguhnya kamu telah menzalimi dirimu sendiri dengan menjadikan (patung) anak sapi (sebagai sembahan). Oleh karena itu, bertobatlah kepada Penciptamu dan bunuhlah dirimu. Itu lebih baik bagimu dalam pandangan Penciptamu. Dia akan menerima tobatmu. Sesungguhnya Dialah Yang Maha Penerima Tobat lagi Maha Penyayang."
62,Sinai,http://www.wikidata.org/entity/Q377485,3,3,0,0,GeographicalLocation,GeographicalLocation,VERIFIED,Surah 2:63,"(Ingatlah) ketika Kami mengambil janjimu dan Kami angkat gunung (Sinai) di atasmu (seraya berfirman), “Pegang teguhlah apa yang telah Kami berikan kepadamu dan ingatlah apa yang ada di dalamnya agar kamu bertakwa.”"
63,Orang-orang Yahudi,http://www.wikidata.org/entity/Q7325,3,2,1,0,Person,Person,VERIFIED,Surah 2:113,"Orang Yahudi berkata, “Orang Nasrani itu tidak menganut sesuatu (agama yang benar)” dan orang-orang Nasrani (juga) berkata, “Orang-orang Yahudi tidak menganut sesuatu (agama yang benar),” padahal mereka membaca Kitab. Demikian pula orang-orang yang tidak berilmu (musyrik Arab) berkata seperti ucapan mereka itu. Allah akan memberi putusan di antara mereka pada hari Kiamat tentang apa (agama) yang mereka perselisihkan."
64,Ka‘bah,http://www.wikidata.org/entity/Q29466,3,3,0,0,Artifact,Artifact,VERIFIED,Surah 2:125,"(Ingatlah) ketika Kami menjadikan rumah itu (Ka‘bah) tempat berkumpul dan tempat yang aman bagi manusia. (Ingatlah ketika Aku katakan,) “Jadikanlah sebagian Maqam Ibrahim sebagai tempat salat.” (Ingatlah ketika) Kami wasiatkan kepada Ibrahim dan Ismail, “Bersihkanlah rumah-Ku untuk orang-orang yang tawaf, yang iktikaf, serta yang rukuk dan sujud (salat)!”"
65,Yang Maha Mendengar lagi Maha Mengetahui,http://www.wikidata.org/entity/Q2095353,3,2,0,1,Allah,Allah,VERIFIED,Surah 2:127,"(Ingatlah) ketika Ibrahim meninggikan fondasi Baitullah bersama Ismail (seraya berdoa), “Ya Tuhan kami, terimalah (amal) dari kami. Sesungguhnya Engkaulah Yang Maha Mendengar lagi Maha Mengetahui."
66,umat Islam,http://www.wikidata.org/entity/Q47740,3,2,1,0,Person,Person,VERIFIED,Surah 2:143,"Demikian pula Kami telah menjadikan kamu (umat Islam) umat pertengahan agar kamu menjadi saksi atas (perbuatan) manusia dan agar Rasul (Nabi Muhammad) menjadi saksi atas (perbuatan) kamu. Kami tidak menetapkan kiblat (Baitulmaqdis) yang (dahulu) kamu berkiblat kepadanya, kecuali agar Kami mengetahui (dalam kenyataan) siapa yang mengikuti Rasul dan siapa yang berbalik ke belakang. Sesungguhnya (pemindahan kiblat) itu sangat berat, kecuali bagi orang yang telah diberi petunjuk oleh Allah. Allah tidak akan menyia-nyiakan imanmu. Sesungguhnya Allah benar-benar Maha Pengasih lagi Maha Penyayang kepada manusia."
67,Imran,http://www.wikidata.org/entity/Q13512873,3,2,0,1,Person,Person,VERIFIED,Surah 3:33,"Sesungguhnya Allah telah memilih Adam, Nuh, keluarga Ibrahim, dan keluarga Imran atas seluruh alam (manusia pada zamannya masing-masing)."
68,Perang Badar,http://www.wikidata.org/entity/Q486124,3,2,1,0,Event,Event,VERIFIED,Surah 3:123,"Sungguh, Allah benar-benar telah menolong kamu dalam Perang Badar, padahal kamu (pada saat itu) adalah orang-orang lemah. Oleh karena itu, bertakwalah kepada Allah agar kamu bersyukur."
69,Perang Uhud,http://www.wikidata.org/entity/Q488278,3,2,1,0,Event,Event,VERIFIED,Surah 3:140,"Jika kamu (pada Perang Uhud) mendapat luka, maka mereka pun (pada Perang Badar) mendapat luka yang serupa. Masa (kejayaan dan kehancuran) itu Kami pergilirkan di antara manusia (agar mereka mendapat pelajaran) dan Allah mengetahui orang-orang beriman (yang sejati) dan sebagian kamu dijadikan-Nya (gugur sebagai) syuhada. Allah tidak menyukai orang-orang zalim."
70,Yang Maha Mengetahui,http://www.wikidata.org/entity/Q2095353,3,3,0,0,Allah,Allah,VERIFIED,Surah 4:70,Itulah karunia dari Allah. Cukuplah Allah Yang Maha Mengetahui.
71,Yunus,http://www.wikidata.org/entity/Q2601901,3,2,1,0,Messenger,Messenger,VERIFIED,Surah 4:163,"Sesungguhnya Kami telah mewahyukan kepadamu (Nabi Muhammad) sebagaimana Kami telah mewahyukan kepada Nuh dan nabi-nabi setelahnya. Kami telah mewahyukan pula kepada Ibrahim, Ismail, Ishaq, Ya‘qub dan keturunan(-nya), Isa, Ayyub, Yunus, Harun, dan Sulaiman. Kami telah memberikan (Kitab) Zabur kepada Daud."
72,orang Nasrani,http://www.wikidata.org/entity/Q106039,3,3,0,0,Person,Person,VERIFIED,Surah 5:14,"Dari orang-orang yang mengatakan, “Sesungguhnya kami adalah orang Nasrani,” Kami telah mengambil perjanjian. Kemudian, mereka melupakan sebagian pesan yang telah diperingatkan kepada mereka. Maka, Kami menimbulkan permusuhan dan kebencian di antara mereka hingga hari Kiamat. Kelak Allah akan memberitakan kepada mereka apa yang selama ini mereka perbuat."
73,Lut,http://www.wikidata.org/entity/Q1918059,3,2,0,1,Messenger,Messenger,VERIFIED,Surah 6:86,"(Begitu juga kepada) Ismail, Ilyasa’, Yunus, dan Lut. Tiap-tiap mereka Kami lebihkan daripada (umat) seluruh alam (pada masanya)."
74,Mesir,http://www.wikidata.org/entity/Q79,3,2,0,1,GeographicalLocation,GeographicalLocation,VERIFIED,Surah 7:127,"Para pemuka dari kaum Fir‘aun berkata, “Apakah engkau akan membiarkan Musa dan kaumnya sehingga mereka berbuat kerusakan di negeri ini (Mesir) dan dia (Musa) meninggalkanmu dan tuhan-tuhanmu?” (Fir‘aun) menjawab, “Akan kita bunuh anak-anak laki-laki mereka dan kita biarkan hidup anak-anak perempuan mereka. Sesungguhnya kita berkuasa penuh atas mereka.”"
75,orang-orang Nasrani,http://www.wikidata.org/entity/Q106039,2,2,0,0,Person,Person,VERIFIED,Surah 2:62,"Sesungguhnya orang-orang yang beriman, orang-orang Yahudi, orang-orang Nasrani, dan orang-orang Sabiin, siapa saja (di antara mereka) yang beriman kepada Allah dan hari Akhir serta melakukan kebajikan (pasti) mendapat pahala dari Tuhannya, tidak ada rasa takut yang menimpa mereka dan mereka pun tidak bersedih hati."
76,Orang Yahudi,http://www.wikidata.org/entity/Q7325,2,2,0,0,Person,Person,VERIFIED,Surah 2:113,"Orang Yahudi berkata, “Orang Nasrani itu tidak menganut sesuatu (agama yang benar)” dan orang-orang Nasrani (juga) berkata, “Orang-orang Yahudi tidak menganut sesuatu (agama yang benar),” padahal mereka membaca Kitab. Demikian pula orang-orang yang tidak berilmu (musyrik Arab) berkata seperti ucapan mereka itu. Allah akan memberi putusan di antara mereka pada hari Kiamat tentang apa (agama) yang mereka perselisihkan."
77,Maqam Ibrahim,http://www.wikidata.org/entity/Q3696312,2,2,0,0,Artifact,Artifact,VERIFIED,Surah 2:125,"(Ingatlah) ketika Kami menjadikan rumah itu (Ka‘bah) tempat berkumpul dan tempat yang aman bagi manusia. (Ingatlah ketika Aku katakan,) “Jadikanlah sebagian Maqam Ibrahim sebagai tempat salat.” (Ingatlah ketika) Kami wasiatkan kepada Ibrahim dan Ismail, “Bersihkanlah rumah-Ku untuk orang-orang yang tawaf, yang iktikaf, serta yang rukuk dan sujud (salat)!”"
78,Arafah,http://www.wikidata.org/entity/Q216894,2,1,0,1,GeographicalLocation,GeographicalLocation,VERIFIED,Surah 2:199,"Kemudian, bertolaklah kamu dari tempat orang-orang bertolak (Arafah) dan mohonlah ampunan kepada Allah. Sesungguhnya Allah Maha Pengampun lagi Maha Penyayang."
79,yang menghidupkan dan mematikan,http://www.wikidata.org/entity/Q2095353,2,2,0,0,Allah,Allah,VERIFIED,Surah 2:258,"Tidakkah kamu memperhatikan orang yang mendebat Ibrahim mengenai Tuhannya karena Allah telah menganugerahkan kepadanya (orang itu) kerajaan (kekuasaan), (yakni) ketika Ibrahim berkata, “Tuhankulah yang menghidupkan dan mematikan.” (Orang itu) berkata, “Aku (pun) dapat menghidupkan dan mematikan.” Ibrahim berkata, “Kalau begitu, sesungguhnya Allah menerbitkan matahari dari timur. Maka, terbitkanlah ia dari barat.” Akhirnya, bingunglah orang yang kufur itu. Allah tidak memberi petunjuk kepada kaum yang zalim."
80,Yahya,http://www.wikidata.org/entity/Q2422313,2,2,0,0,Prophet,Prophet,VERIFIED,Surah 3:39,"Lalu, Malaikat (Jibril) memanggilnya ketika dia berdiri melaksanakan salat di mihrab, “Allah menyampaikan kabar gembira kepadamu dengan (kelahiran) Yahya yang membenarkan kalimat dari Allah, (menjadi) anutan, menahan diri (dari hawa nafsu), dan seorang nabi di antara orang-orang saleh.”"
81,Quraisy,http://www.wikidata.org/entity/Q485732,2,2,0,0,Person,Person,VERIFIED,Surah 3:173,"(yaitu) mereka yang (ketika ada) orang-orang mengatakan kepadanya, “Sesungguhnya orang-orang (Quraisy) telah mengumpulkan (pasukan) untuk (menyerang) kamu. Oleh karena itu, takutlah kepada mereka,” ternyata (ucapan) itu menambah (kuat) iman mereka dan mereka menjawab, “Cukuplah Allah (menjadi penolong) bagi kami dan Dia sebaik-baik pelindung.”"
82,Hawa,http://www.wikidata.org/entity/Q28956531,2,1,1,0,Person,Person,VERIFIED,Surah 4:25,"Siapa di antara kamu yang tidak mempunyai biaya untuk menikahi perempuan merdeka yang mukmin (boleh menikahi) perempuan mukmin dari para hamba sahaya yang kamu miliki. Allah lebih tahu tentang keimananmu. Sebagian kamu adalah sebagian dari yang lain (seketurunan dari Adam dan Hawa). Oleh karena itu, nikahilah mereka dengan izin keluarga (tuan) mereka dan berilah mereka maskawin dengan cara yang pantas, dalam keadaan mereka memelihara kesucian diri, bukan pezina dan bukan (pula) perempuan yang mengambil laki-laki lain sebagai piaraannya. Apabila mereka telah berumah tangga (bersuami), tetapi melakukan perbuatan keji (zina), (hukuman) atas mereka adalah setengah dari hukuman perempuan-perempuan merdeka (yang tidak bersuami). Hal itu (kebolehan menikahi hamba sahaya) berlaku bagi orang-orang yang takut terhadap kesulitan (dalam menghindari zina) di antara kamu. Kesabaranmu lebih baik bagi kamu. Allah Maha Pengampun lagi Maha Penyayang."
83,Ayyub,http://www.wikidata.org/entity/Q2625307,2,1,1,0,Prophet,Prophet,VERIFIED,Surah 4:163,"Sesungguhnya Kami telah mewahyukan kepadamu (Nabi Muhammad) sebagaimana Kami telah mewahyukan kepada Nuh dan nabi-nabi setelahnya. Kami telah mewahyukan pula kepada Ibrahim, Ismail, Ishaq, Ya‘qub dan keturunan(-nya), Isa, Ayyub, Yunus, Harun, dan Sulaiman. Kami telah memberikan (Kitab) Zabur kepada Daud."
84,Yang Maha Kaya,http://www.wikidata.org/entity/Q2095353,2,2,0,0,Allah,Allah,VERIFIED,Surah 6:133,"Tuhanmulah Yang Maha Kaya lagi penuh rahmat. Jika menghendaki, Dia akan memusnahkanmu. Setelah itu, Dia akan menggantimu dengan yang dikehendaki-Nya, sebagaimana Dia menjadikan kamu dari keturunan kaum lain (sebelummu)."
85,ʻArasy,http://www.wikidata.org/entity/Q25462647,2,2,0,0,Throne,Throne,VERIFIED,Surah 7:54,"Sesungguhnya Tuhanmu adalah Allah yang telah menciptakan langit dan bumi dalam enam masa, kemudian Dia bersemayam di atas ʻArasy. Dia menutupkan malam pada siang yang mengikutinya dengan cepat. (Dia ciptakan) matahari, bulan, dan bintang-bintang tunduk pada perintah-Nya. Ingatlah! Hanya milik-Nyalah segala penciptaan dan urusan. Maha Berlimpah anugerah Allah, Tuhan semesta alam."
86,‘Ad,http://www.wikidata.org/entity/Q345427,2,1,0,1,Person,Person,VERIFIED,Surah 7:65,"(Kami telah mengutus) kepada (kaum) ‘Ad saudara mereka, Hud. Dia berkata, “Wahai kaumku, sembahlah Allah, tidak ada tuhan bagimu selain Dia. Tidakkah kamu bertakwa?”"
87,bahasa Arab,http://www.wikidata.org/entity/Q13955,2,2,0,0,Language,Language,VERIFIED,Surah 16:103,"Sungguh, Kami benar-benar mengetahui bahwa mereka berkata, “Sesungguhnya ia (Al-Qur’an) hanyalah diajarkan kepadanya (Nabi Muhammad) oleh seorang manusia.” Bahasa orang yang mereka tuduh (bahwa Nabi Muhammad belajar kepadanya) adalah bahasa ajam (bukan bahasa Arab). Padahal, ini (Al-Qur’an) adalah bahasa Arab yang jelas."
88,Habil,http://www.wikidata.org/entity/Q40326836,2,0,2,0,Person,Person,VERIFIED,Surah 5:27,"Bacakanlah (Nabi Muhammad) kepada mereka berita tentang dua putra Adam dengan sebenarnya. Ketika keduanya mempersembahkan kurban, kemudian diterima dari salah satunya (Habil) dan tidak diterima dari yang lain (Qabil). Dia (Qabil) berkata, “Sungguh, aku pasti akan membunuhmu.” Dia (Habil) berkata, “Sesungguhnya Allah hanya menerima (amal) dari orang-orang yang bertakwa."
89,Yang Maha Mengetahui lagi Maha Bijaksana,http://www.wikidata.org/entity/Q2095353,1,1,0,0,Allah,Allah,VERIFIED,Surah 2:32,"Mereka menjawab, “Maha Suci Engkau. Tidak ada pengetahuan bagi kami, selain yang telah Engkau ajarkan kepada kami. Sesungguhnya Engkaulah Yang Maha Mengetahui lagi Maha Bijaksana.”"
90,Yang Maha Penerima tobat lagi Maha Penyayang,http://www.wikidata.org/entity/Q2095353,1,1,0,0,Allah,Allah,VERIFIED,Surah 2:37,"Kemudian, Adam menerima beberapa kalimat dari Tuhannya, lalu Dia pun menerima tobatnya. Sesungguhnya Dialah Yang Maha Penerima tobat lagi Maha Penyayang."
91,orang-orang Sabiin,http://www.wikidata.org/entity/Q2144747,1,1,0,0,Person,Person,VERIFIED,Surah 2:62,"Sesungguhnya orang-orang yang beriman, orang-orang Yahudi, orang-orang Nasrani, dan orang-orang Sabiin, siapa saja (di antara mereka) yang beriman kepada Allah dan hari Akhir serta melakukan kebajikan (pasti) mendapat pahala dari Tuhannya, tidak ada rasa takut yang menimpa mereka dan mereka pun tidak bersedih hati."
92,Mikail,http://www.wikidata.org/entity/Q45581,1,1,0,0,Angel,Angel,VERIFIED,Surah 2:98,"Siapa yang menjadi musuh Allah, malaikat-malaikat-Nya, rasul-rasul-Nya, Jibril, dan Mikail, sesungguhnya Allah adalah musuh orang-orang kafir."
93,Orang Nasrani,http://www.wikidata.org/entity/Q106039,1,1,0,0,Person,Person,VERIFIED,Surah 2:113,"Orang Yahudi berkata, “Orang Nasrani itu tidak menganut sesuatu (agama yang benar)” dan orang-orang Nasrani (juga) berkata, “Orang-orang Yahudi tidak menganut sesuatu (agama yang benar),” padahal mereka membaca Kitab. Demikian pula orang-orang yang tidak berilmu (musyrik Arab) berkata seperti ucapan mereka itu. Allah akan memberi putusan di antara mereka pada hari Kiamat tentang apa (agama) yang mereka perselisihkan."
94,negeri Makkah,http://www.wikidata.org/entity/Q5806,1,1,0,0,GeographicalLocation,GeographicalLocation,VERIFIED,Surah 2:126,"(Ingatlah) ketika Ibrahim berdoa, “Ya Tuhanku, jadikanlah (negeri Makkah) ini negeri yang aman dan berilah rezeki berupa buah-buahan (hasil tanaman, tumbuhan yang bisa dimakan) kepada penduduknya, yaitu orang yang beriman di antara mereka kepada Allah dan hari Akhir.” Dia (Allah) berfirman, “Siapa yang kufur akan Aku beri kesenangan sementara, kemudian akan Aku paksa dia ke dalam azab neraka. Itulah seburuk-buruk tempat kembali.”"
95,penganut Yahudi,http://www.wikidata.org/entity/Q7325,1,1,0,0,Person,Person,VERIFIED,Surah 2:140,"Apakah kamu juga berkata bahwa Ibrahim, Ismail, Ishaq, Ya‘qub, dan keturunannya adalah penganut Yahudi atau Nasrani? Katakanlah, “Apakah kamu yang lebih mengetahui ataukah Allah? Siapakah yang lebih zalim daripada orang yang menyembunyikan kesaksian dari Allah yang ada padanya?” Allah sama sekali tidak lengah dari apa yang kamu kerjakan."
96,Yang Maha Pengasih lagi Maha Penyayang,http://www.wikidata.org/entity/Q2095353,1,1,0,0,Allah,Allah,VERIFIED,Surah 2:163,Tuhan kamu adalah Tuhan Yang Maha Esa. Tidak ada tuhan selain Dia Yang Maha Pengasih lagi Maha Penyayang.
97,Bulan Ramadan,http://www.wikidata.org/entity/Q41662,1,1,0,0,Event,Event,VERIFIED,Surah 2:185,"Bulan Ramadan adalah (bulan) yang di dalamnya diturunkan Al-Qur’an sebagai petunjuk bagi manusia dan penjelasan-penjelasan mengenai petunjuk itu serta pembeda (antara yang hak dan yang batil). Oleh karena itu, siapa di antara kamu hadir (di tempat tinggalnya atau bukan musafir) pada bulan itu, berpuasalah. Siapa yang sakit atau dalam perjalanan (lalu tidak berpuasa), maka (wajib menggantinya) sebanyak hari (yang ditinggalkannya) pada hari-hari yang lain. Allah menghendaki kemudahan bagimu dan tidak menghendaki kesukaran. Hendaklah kamu mencukupkan bilangannya dan mengagungkan Allah atas petunjuk-Nya yang diberikan kepadamu agar kamu bersyukur."
98,fajar,http://www.wikidata.org/entity/Q685643,1,1,0,0,AstronomicalBody,AstronomicalBody,VERIFIED,Surah 2:187,"Dihalalkan bagimu pada malam puasa bercampur dengan istrimu. Mereka adalah pakaian bagimu dan kamu adalah pakaian bagi mereka. Allah mengetahui bahwa kamu tidak dapat menahan dirimu sendiri, tetapi Dia menerima tobatmu dan memaafkanmu. Maka, sekarang campurilah mereka dan carilah apa yang telah ditetapkan Allah bagimu. Makan dan minumlah hingga jelas bagimu (perbedaan) antara benang putih dan benang hitam, yaitu fajar. Kemudian, sempurnakanlah puasa sampai (datang) malam. Akan tetapi, jangan campuri mereka ketika kamu (dalam keadaan) beriktikaf di masjid. Itulah batas-batas (ketentuan) Allah. Maka, janganlah kamu mendekatinya. Demikianlah Allah menerangkan ayat-ayat-Nya kepada manusia agar mereka bertakwa."
99,Bulan,http://www.wikidata.org/entity/Q405,1,1,0,0,AstronomicalBody,AstronomicalBody,VERIFIED,Surah 2:194,"Bulan haram dengan bulan haram dan (terhadap) sesuatu yang dihormati berlaku (hukum) kisas. Oleh sebab itu, siapa yang menyerang kamu, seranglah setimpal dengan serangannya terhadapmu. Bertakwalah kepada Allah dan ketahuilah bahwa Allah bersama orang-orang yang bertakwa."
100,Mina,http://www.wikidata.org/entity/Q753276,1,1,0,0,GeographicalLocation,GeographicalLocation,VERIFIED,Surah 2:203,"Berzikirlah kepada Allah pada hari yang telah ditentukan jumlahnya. Siapa yang mempercepat (meninggalkan Mina) setelah dua hari, tidak ada dosa baginya. Siapa yang mengakhirkannya tidak ada dosa (pula) baginya, (yakni) bagi orang yang bertakwa. Bertakwalah kepada Allah dan ketahuilah bahwa hanya kepada-Nya kamu akan dikumpulkan."
101,neraka Jahanam,http://www.wikidata.org/entity/Q58418,1,1,0,0,AfterlifeLocation,AfterlifeLocation,VERIFIED,Surah 2:206,"Apabila dikatakan kepadanya, “Bertakwalah kepada Allah,” bangkitlah kesombongan yang menyebabkan dia berbuat dosa (lebih banyak lagi). Maka, cukuplah (balasan) baginya (neraka) Jahanam. Sungguh (neraka Jahanam) itu seburuk-buruk tempat tinggal."
102,Tabut,http://www.wikidata.org/entity/Q131316,1,1,0,0,Artifact,Artifact,VERIFIED,Surah 2:248,"Nabi mereka berkata kepada mereka, “Sesungguhnya tanda kerajaannya ialah datangnya Tabut kepadamu yang di dalamnya terdapat ketenangan dari Tuhanmu dan sisa dari apa yang ditinggalkan oleh keluarga Musa dan keluarga Harun yang dibawa oleh para malaikat. Sesungguhnya pada yang demikian itu benar-benar terdapat tanda (kebesaran Allah) bagimu jika kamu orang-orang mukmin."
103,Yang Maha Hidup,http://www.wikidata.org/entity/Q2095353,1,1,0,0,Allah,Allah,VERIFIED,Surah 2:255,"Allah, tidak ada tuhan selain Dia, Yang Maha Hidup lagi terus-menerus mengurus (makhluk-Nya). Dia tidak dilanda oleh kantuk dan tidak (pula) oleh tidur. Milik-Nyalah apa yang ada di langit dan apa yang ada di bumi. Tidak ada yang dapat memberi syafaat di sisi-Nya tanpa izin-Nya. Dia mengetahui apa yang ada di hadapan mereka dan apa yang ada di belakang mereka. Mereka tidak mengetahui sesuatu apa pun dari ilmu-Nya, kecuali apa yang Dia kehendaki. Kursi-Nya (ilmu dan kekuasaan-Nya) meliputi langit dan bumi. Dia tidak merasa berat memelihara keduanya. Dialah yang Maha Tinggi lagi Maha Agung."
104,Yang Maha Hidup lagi Maha Mengurus,http://www.wikidata.org/entity/Q2095353,1,1,0,0,Allah,Allah,VERIFIED,Surah 3:2,"Allah, tidak ada tuhan selain Dia, Yang Maha Hidup lagi Maha Mengurus (makhluk-Nya) secara terus-menerus."
105,Isa Almasih putra Maryam,http://www.wikidata.org/entity/Q51664,1,1,0,0,Messenger,Messenger,VERIFIED,Surah 3:45,"(Ingatlah) ketika Malaikat (Jibril) berkata, “Wahai Maryam, sesungguhnya Allah menyampaikan kabar gembira kepadamu tentang (kelahiran anak yang diciptakan) dengan kalimat dari-Nya, namanya Isa Almasih putra Maryam, seorang terkemuka di dunia dan di akhirat serta termasuk orang-orang yang didekatkan (kepada Allah)."
106,Israil,http://www.wikidata.org/entity/Q2513598,1,1,0,0,Prophet,Prophet,VERIFIED,Surah 3:93,"Semua makanan halal bagi Bani Israil, kecuali makanan yang diharamkan oleh Israil (Ya‘qub) atas dirinya sebelum Taurat diturunkan. Katakanlah (Nabi Muhammad), “Bawalah Taurat lalu bacalah, jika kamu orang-orang yang benar.”"
107,Bakkah,http://www.wikidata.org/entity/Q5806,1,1,0,0,GeographicalLocation,GeographicalLocation,VERIFIED,Surah 3:96,Sesungguhnya rumah (ibadah) pertama yang dibangun untuk manusia adalah (Baitullah) yang (berada) di Bakkah (Makkah) yang diberkahi dan menjadi petunjuk bagi seluruh alam.
108,Sabtu,http://www.wikidata.org/entity/Q102477,1,1,0,0,Event,Event,VERIFIED,Surah 4:47,"Wahai orang-orang yang telah diberi Kitab, berimanlah pada apa yang telah Kami turunkan (Al-Qur’an) yang membenarkan Kitab yang ada padamu sebelum Kami mengubah wajah-wajah(-mu), lalu Kami putar ke belakang (sebagai penghinaan) atau Kami laknat mereka sebagaimana Kami melaknat orang-orang (yang berbuat maksiat) pada hari Sabat (Sabtu). Ketetapan Allah (pasti) berlaku."
109,Zabur,http://www.wikidata.org/entity/Q1369122,1,1,0,0,HolyBook,HolyBook,VERIFIED,Surah 4:163,"Sesungguhnya Kami telah mewahyukan kepadamu (Nabi Muhammad) sebagaimana Kami telah mewahyukan kepada Nuh dan nabi-nabi setelahnya. Kami telah mewahyukan pula kepada Ibrahim, Ismail, Ishaq, Ya‘qub dan keturunan(-nya), Isa, Ayyub, Yunus, Harun, dan Sulaiman. Kami telah memberikan (Kitab) Zabur kepada Daud."
110,Baitulharam,http://www.wikidata.org/entity/Q428858,1,1,0,0,Artifact,Artifact,VERIFIED,Surah 5:2,"Wahai orang-orang yang beriman, janganlah kamu melanggar syiar-syiar (kesucian) Allah, jangan (melanggar kehormatan) bulan-bulan haram, jangan (mengganggu) hadyu (hewan-hewan kurban) dan qalā’id (hewan-hewan kurban yang diberi tanda), dan jangan (pula mengganggu) para pengunjung Baitulharam sedangkan mereka mencari karunia dan rida Tuhannya! Apabila kamu telah bertahalul (menyelesaikan ihram), berburulah (jika mau). Janganlah sekali-kali kebencian(-mu) kepada suatu kaum, karena mereka menghalang-halangimu dari Masjidilharam, mendorongmu berbuat melampaui batas (kepada mereka). Tolong-menolonglah kamu dalam (mengerjakan) kebajikan dan takwa, dan jangan tolong-menolong dalam berbuat dosa dan permusuhan. Bertakwalah kepada Allah, sesungguhnya Allah sangat berat siksaan-Nya."
111,pengikut Injil,http://www.wikidata.org/entity/Q106039,1,1,0,0,Person,Person,VERIFIED,Surah 5:47,"Hendaklah pengikut Injil memutuskan (urusan) menurut apa yang diturunkan Allah di dalamnya. Siapa yang tidak memutuskan (suatu urusan) menurut ketentuan yang diturunkan Allah, maka mereka itulah orang-orang fasik."
112,pengikut Allah,http://www.wikidata.org/entity/Q12485813,1,1,0,0,Person,Person,VERIFIED,Surah 5:56,"Siapa yang menjadikan Allah, Rasul-Nya, dan orang-orang yang beriman sebagai penolongnya, sesungguhnya para pengikut Allah itulah yang akan menjadi pemenang."
113,Sabiin,http://www.wikidata.org/entity/Q2144747,1,1,0,0,Person,Person,VERIFIED,Surah 5:69,"Sesungguhnya orang-orang yang beriman, orang-orang Yahudi, Sabiin, dan Nasrani, siapa yang beriman kepada Allah, hari Akhir, dan beramal saleh, tidak ada rasa takut yang menimpa mereka dan mereka pun tidak bersedih."
114,Yang Maha Bijaksana lagi Maha Mengetahui,http://www.wikidata.org/entity/Q2095353,1,1,0,0,Allah,Allah,VERIFIED,Surah 6:18,"Dialah Penguasa atas hamba-hamba-Nya, dan Dialah Yang Maha Bijaksana lagi Maha Mengetahui."
115,Yang Maha Kuasa,http://www.wikidata.org/entity/Q2095353,1,1,0,0,Allah,Allah,VERIFIED,Surah 6:65,"Katakanlah (Nabi Muhammad), “Dialah Yang Maha Kuasa mengirimkan azab kepadamu, dari atas atau dari bawah kakimu atau Dia memecah belah kamu menjadi golongan-golongan (yang saling bertentangan) dan merasakan kepada sebagian kamu keganasan sebagian yang lain.” Perhatikanlah, bagaimana Kami menjelaskan berulang-ulang tanda-tanda (kekuasaan Kami) agar mereka memahami(-nya)."
116,Yang Maha Bijaksana lagi Maha Teliti,http://www.wikidata.org/entity/Q2095353,1,1,0,0,Allah,Allah,VERIFIED,Surah 6:73,"Dialah yang menciptakan langit dan bumi dengan hak (benar). (Sungguh benar ketetapan-Nya) pada hari (ketika) Dia berkata, “Jadilah!” Maka, jadilah sesuatu itu. Firman-Nya adalah benar, dan milik-Nyalah segala kekuasaan pada waktu sangkakala ditiup. Dia mengetahui yang gaib dan yang nyata. Dialah Yang Maha Bijaksana lagi Maha Teliti."
117,Azar,http://www.wikidata.org/entity/Q16166505,1,1,0,0,Person,Person,VERIFIED,Surah 6:74,"(Ingatlah) ketika Ibrahim berkata kepada ayahnya, Azar, “Apakah (pantas) engkau menjadikan berhala-berhala itu sebagai tuhan? Sesungguhnya aku melihat engkau dan kaummu dalam kesesatan yang nyata.”"
118,Ilyas,http://www.wikidata.org/entity/Q2090543,1,1,0,0,Prophet,Prophet,VERIFIED,Surah 6:85,"(Demikian juga kepada) Zakaria, Yahya, Isa, dan Ilyas. Semuanya termasuk orang-orang yang saleh."
119,Ilyasa’,http://www.wikidata.org/entity/Q15215483,1,1,0,0,Person,Person,VERIFIED,Surah 6:86,"(Begitu juga kepada) Ismail, Ilyasa’, Yunus, dan Lut. Tiap-tiap mereka Kami lebihkan daripada (umat) seluruh alam (pada masanya)."
120,Ummul Qura,http://www.wikidata.org/entity/Q5806,1,1,0,0,GeographicalLocation,GeographicalLocation,VERIFIED,Surah 6:92,Ini (Al-Qur’an) adalah kitab suci yang telah Kami turunkan lagi diberkahi yang membenarkan kitab-kitab yang (diturunkan) sebelumnya dan agar engkau memberi peringatan kepada (penduduk) Ummul Qura (Makkah) dan orang-orang yang ada di sekitarnya. Orang-orang yang beriman pada (kehidupan) akhirat (tentu) beriman padanya (Al-Qur’an) dan mereka selalu memelihara salatnya.
121,Yang Maha Perkasa lagi Maha Mengetahui,http://www.wikidata.org/entity/Q2095353,1,1,0,0,Allah,Allah,VERIFIED,Surah 6:96,"(Dia) yang menyingsingkan pagi dan menjadikan malam untuk beristirahat, serta (menjadikan) matahari dan bulan untuk perhitungan. Itulah ketetapan Allah Yang Maha Perkasa lagi Maha Mengetahui."
122,Yang Maha Halus lagi Maha Teliti,http://www.wikidata.org/entity/Q2095353,1,1,0,0,Allah,Allah,VERIFIED,Surah 6:103,"Dia tidak dapat dijangkau oleh penglihatan mata, sedangkan Dia dapat menjangkau segala penglihatan itu. Dialah Yang Maha Halus lagi Maha Teliti."
123,Al-Qur'an,http://www.wikidata.org/entity/Q428,1,1,0,0,HolyBook,HolyBook,VERIFIED,Surah 6:106,Ikutilah apa (Al-Qur'an) yang telah diwahyukan kepadamu (Nabi Muhammad) dari Tuhanmu. Tidak ada tuhan selain Dia. Berpalinglah pula dari orang-orang musyrik.
124,Samud,http://www.wikidata.org/entity/Q1132376,1,1,0,0,Person,Person,VERIFIED,Surah 7:73,"Kami telah mengutus) kepada (kaum) Samud saudara mereka, Saleh. Dia berkata, “Wahai kaumku, sembahlah Allah, tidak ada bagi kamu tuhan selain Dia. Sungguh, telah datang kepada kamu bukti yang nyata dari Tuhanmu. Ini adalah unta betina Allah untuk kamu sebagai mukjizat. Maka, biarkanlah ia makan di bumi Allah dan janganlah kamu mengganggunya dengan keburukan apa pun sehingga kamu ditimpa siksa yang sangat pedih.”"
125,Sabat,http://www.wikidata.org/entity/Q102477,1,1,0,0,Event,Event,VERIFIED,Surah 7:163,"Tanyakanlah kepada mereka tentang negeri yang terletak di dekat laut ketika mereka melanggar aturan pada hari Sabat, (yaitu) ketika datang kepada mereka ikan-ikan (yang berada di sekitar) mereka bermunculan di permukaan air. Padahal, pada hari-hari yang bukan Sabat ikan-ikan itu tidak datang kepada mereka. Demikianlah Kami menguji mereka karena mereka selalu berlaku fasik."
126,Laut Merah,http://www.wikidata.org/entity/Q23406,1,1,0,0,GeographicalLocation,GeographicalLocation,VERIFIED,Surah 10:90,"Kami jadikan Bani Israil bisa melintasi laut itu (Laut Merah). Lalu, Fir‘aun dan bala tentaranya mengikuti mereka untuk menganiaya dan menindas hingga ketika Fir‘aun hampir (mati) tenggelam, dia berkata, “Aku percaya bahwa tidak ada tuhan selain (Tuhan) yang telah dipercayai oleh Bani Israil dan aku termasuk orang-orang muslim (yang berserah diri kepada-Nya).”"
127,Yang Maha Pengampun lagi Maha Penyayang,http://www.wikidata.org/entity/Q2095353,1,1,0,0,Allah,Allah,VERIFIED,Surah 10:107,"Jika Allah menimpakan suatu mudarat kepadamu, tidak ada yang dapat menghilangkannya kecuali Dia dan jika Dia menghendaki kebaikan bagimu, tidak ada yang dapat menolak karunia-Nya. Dia memberikannya (kebaikan itu) kepada siapa yang Dia kehendaki di antara hamba-hamba-Nya. Dialah Yang Maha Pengampun lagi Maha Penyayang."
128,‘Adn,http://www.wikidata.org/entity/Q19014,1,1,0,0,AfterlifeLocation,AfterlifeLocation,VERIFIED,Surah 16:31,(yaitu) surga-surga ‘Adn yang mereka masuki. Sungai-sungai mengalir di bawahnya. Di dalam (surga) itu mereka mendapat segala yang mereka inginkan. Demikianlah Allah memberi balasan kepada orang-orang yang bertakwa.
129,hari Sabtu,http://www.wikidata.org/entity/Q102477,1,1,0,0,Event,Event,VERIFIED,Surah 16:124,Sesungguhnya (mengagungkan) hari Sabtu hanya diwajibkan bagi orang-orang (Yahudi) yang memperselisihkannya. Sesungguhnya Tuhanmu benar-benar akan memberi keputusan di antara mereka pada hari Kiamat tentang apa yang mereka perselisihkan.
130,negeri Babilonia,http://www.wikidata.org/entity/Q47690,1,0,1,0,GeographicalLocation,GeographicalLocation,VERIFIED,Surah 2:102,"Mereka mengikuti apa yang dibaca oleh setan-setan pada masa Kerajaan Sulaiman. Sulaiman itu tidak kufur, tetapi setan-setan itulah yang kufur. Mereka mengajarkan sihir kepada manusia dan apa yang diturunkan kepada dua malaikat di negeri Babilonia, yaitu Harut dan Marut. Padahal, keduanya tidak mengajarkan sesuatu kepada seseorang sebelum mengatakan, “Sesungguhnya kami hanyalah fitnah (cobaan bagimu) oleh sebab itu janganlah kufur!” Maka, mereka mempelajari dari keduanya (malaikat itu) apa yang (dapat) memisahkan antara seorang (suami) dan istrinya. Mereka tidak akan dapat mencelakakan seseorang dengan (sihir)-nya, kecuali dengan izin Allah. Mereka mempelajari sesuatu yang mencelakakan dan tidak memberi manfaat kepada mereka. Sungguh, mereka benar-benar sudah mengetahui bahwa siapa yang membeli (menggunakan sihir) itu niscaya tidak akan mendapat keuntungan di akhirat. Sungguh, buruk sekali perbuatan mereka yang menjual dirinya dengan sihir jika mereka mengetahui(-nya)."
131,Harut,http://www.wikidata.org/entity/Q37946368,1,0,1,0,Angel,Angel,VERIFIED,Surah 2:102,"Mereka mengikuti apa yang dibaca oleh setan-setan pada masa Kerajaan Sulaiman. Sulaiman itu tidak kufur, tetapi setan-setan itulah yang kufur. Mereka mengajarkan sihir kepada manusia dan apa yang diturunkan kepada dua malaikat di negeri Babilonia, yaitu Harut dan Marut. Padahal, keduanya tidak mengajarkan sesuatu kepada seseorang sebelum mengatakan, “Sesungguhnya kami hanyalah fitnah (cobaan bagimu) oleh sebab itu janganlah kufur!” Maka, mereka mempelajari dari keduanya (malaikat itu) apa yang (dapat) memisahkan antara seorang (suami) dan istrinya. Mereka tidak akan dapat mencelakakan seseorang dengan (sihir)-nya, kecuali dengan izin Allah. Mereka mempelajari sesuatu yang mencelakakan dan tidak memberi manfaat kepada mereka. Sungguh, mereka benar-benar sudah mengetahui bahwa siapa yang membeli (menggunakan sihir) itu niscaya tidak akan mendapat keuntungan di akhirat. Sungguh, buruk sekali perbuatan mereka yang menjual dirinya dengan sihir jika mereka mengetahui(-nya)."
132,Marut,http://www.wikidata.org/entity/Q37946376,1,0,1,0,Angel,Angel,VERIFIED,Surah 2:102,"Mereka mengikuti apa yang dibaca oleh setan-setan pada masa Kerajaan Sulaiman. Sulaiman itu tidak kufur, tetapi setan-setan itulah yang kufur. Mereka mengajarkan sihir kepada manusia dan apa yang diturunkan kepada dua malaikat di negeri Babilonia, yaitu Harut dan Marut. Padahal, keduanya tidak mengajarkan sesuatu kepada seseorang sebelum mengatakan, “Sesungguhnya kami hanyalah fitnah (cobaan bagimu) oleh sebab itu janganlah kufur!” Maka, mereka mempelajari dari keduanya (malaikat itu) apa yang (dapat) memisahkan antara seorang (suami) dan istrinya. Mereka tidak akan dapat mencelakakan seseorang dengan (sihir)-nya, kecuali dengan izin Allah. Mereka mempelajari sesuatu yang mencelakakan dan tidak memberi manfaat kepada mereka. Sungguh, mereka benar-benar sudah mengetahui bahwa siapa yang membeli (menggunakan sihir) itu niscaya tidak akan mendapat keuntungan di akhirat. Sungguh, buruk sekali perbuatan mereka yang menjual dirinya dengan sihir jika mereka mengetahui(-nya)."
133,Yusuf,http://www.wikidata.org/entity/Q563644,1,0,1,0,Prophet,Prophet,VERIFIED,Surah 6:84,"Kami telah menganugerahkan kepadanya Ishaq dan Ya‘qub. Tiap-tiap mereka telah Kami beri petunjuk. Sebelumnya Kami telah menganugerahkan petunjuk kepada Nuh. (Kami juga menganugerahkan petunjuk) kepada sebagian dari keturunannya, yaitu Daud, Sulaiman, Ayyub, Yusuf, Musa, dan Harun. Demikianlah Kami memberi balasan kepada orang-orang yang berbuat kebaikan."
134,Yang menghidupkan dan mematikan,http://www.wikidata.org/entity/Q2095353,1,0,1,0,Allah,Allah,VERIFIED,Surah 7:158,"Katakanlah (Nabi Muhammad), “Wahai manusia, sesungguhnya aku ini utusan Allah bagi kamu semua, Yang memiliki kerajaan langit dan bumi, tidak ada tuhan selain Dia, serta Yang menghidupkan dan mematikan. Maka, berimanlah kamu kepada Allah dan Rasul-Nya, (yaitu) nabi ummi (tidak pandai baca tulis) yang beriman kepada Allah dan kalimat-kalimat-Nya (kitab-kitab-Nya). Ikutilah dia agar kamu mendapat petunjuk.”"
135,aż-Żikr,http://www.wikidata.org/entity/Q428,1,0,1,0,HolyBook,HolyBook,VERIFIED,Surah 16:44,(Kami mengutus mereka) dengan (membawa) bukti-bukti yang jelas (mukjizat) dan kitab-kitab. Kami turunkan aż-Żikr (Al-Qur’an) kepadamu agar engkau menerangkan kepada manusia apa yang telah diturunkan kepada mereka dan agar mereka memikirkan.
136,Safa,http://www.wikidata.org/entity/Q900671,1,0,0,1,GeographicalLocation,GeographicalLocation,VERIFIED,Surah 2:158,"Sesungguhnya Safa dan Marwah merupakan sebagian syiar (agama) Allah. Maka, siapa beribadah haji ke Baitullah atau berumrah, tidak ada dosa baginya mengerjakan sai antara keduanya. Siapa yang dengan kerelaan hati mengerjakan kebajikan, maka sesungguhnya Allah Maha Mensyukuri, lagi Maha Mengetahui."
137,Marwah,http://www.wikidata.org/entity/Q900671,1,0,0,1,GeographicalLocation,GeographicalLocation,VERIFIED,Surah 2:158,"Sesungguhnya Safa dan Marwah merupakan sebagian syiar (agama) Allah. Maka, siapa beribadah haji ke Baitullah atau berumrah, tidak ada dosa baginya mengerjakan sai antara keduanya. Siapa yang dengan kerelaan hati mengerjakan kebajikan, maka sesungguhnya Allah Maha Mensyukuri, lagi Maha Mengetahui."
138,Masyarilharam,http://www.wikidata.org/entity/Q1788735,1,0,0,1,GeographicalLocation,GeographicalLocation,VERIFIED,Surah 2:198,"Bukanlah suatu dosa bagimu mencari karunia dari Tuhanmu (pada musim haji). Apabila kamu bertolak dari Arafah, berzikirlah kepada Allah di Masyarilharam. Berzikirlah kepada-Nya karena Dia telah memberi petunjuk kepadamu meskipun sebelumnya kamu benar-benar termasuk orang-orang yang sesat."
139,Gunung Sinai,http://www.wikidata.org/entity/Q377485,1,0,0,1,GeographicalLocation,GeographicalLocation,VERIFIED,Surah 7:148,"Kaum Musa, setelah kepergian (Musa ke Gunung Sinai), membuat (sembahan berupa) patung anak sapi yang bertubuh dan dapat melenguh (bersuara) dari perhiasan emas mereka. Apakah mereka tidak mengetahui bahwa (patung) anak sapi itu tidak dapat berbicara dengan mereka dan tidak dapat (pula) menunjukkan jalan (kebaikan) kepada mereka? (Bahkan,) mereka menjadikannya (sebagai sembahan). Mereka adalah orang-orang zalim."
140,Yang Maha Tinggi,http://www.wikidata.org/entity/Q2095353,1,0,0,1,Allah,Allah,VERIFIED,Surah 16:60,"Orang-orang yang tidak beriman pada (kehidupan) akhirat mempunyai sifat yang buruk, sedangkan Allah mempunyai sifat Yang Maha Tinggi. Dia Maha Perkasa lagi Maha Bijaksana."
