no,mention,uri,label,missing_count,locations
1,langit,http://www.wikidata.org/entity/Q527,AstronomicalBody,61,"2:19, 2:22, 2:33, 2:59, 2:107, 2:116, 2:117, 2:144, 2:255, 2:284, 3:5, 3:29, 3:83, 3:109, 3:124, 3:129, 3:133, 3:183, 3:189, 3:190, 3:191, 4:131, 4:153, 4:170, 5:17, 5:18, 5:40, 5:97, 5:120, 6:1, 6:3, 6:12, 6:14, 6:35, 6:73, 6:75, 6:99, 6:101, 6:125, 7:54, 7:96, 7:162, 7:185, 7:187, 10:3, 10:18, 10:24, 10:31, 10:55, 10:61, 10:66, 10:68, 16:3, 16:10, 16:49, 16:52, 16:65, 16:77"
2,Ahlulkitab,http://www.wikidata.org/entity/Q216565,Person,18,"2:105, 2:109, 3:64, 3:65, 3:69, 3:72, 3:75, 3:98, 3:113, 4:123, 4:153, 4:159, 5:5, 5:61, 5:62, 5:68, 5:77, 6:105"
3,Tuhan semesta alam,http://www.wikidata.org/entity/Q2095353,Allah,8,"5:28, 6:71, 7:54, 7:61, 7:104, 7:121, 10:10, 10:37"
4,Saleh,http://www.wikidata.org/entity/Q326189,Messenger,4,"7:73, 7:75, 7:77, 7:79"
5,putih,http://www.wikidata.org/entity/Q23444,Color,3,"2:61, 2:187, 3:107"
6,hitam,http://www.wikidata.org/entity/Q23445,Color,3,"2:187, 10:26, 16:58"
7,yang menghidupkan dan mematikan,http://www.wikidata.org/entity/Q2095353,Allah,2,"2:258, 10:56"
8,bulan,http://www.wikidata.org/entity/Q405,AstronomicalBody,1,2:226
9,Hawa,http://www.wikidata.org/entity/Q28956531,Person,1,4:25
